char,sourceFile,motion,frame,manifestBodyBounds_w,manifestBodyBounds_h,manifestVisualBounds_w,manifestVisualBounds_h,manifestFootAnchor_x,manifestFootAnchor_y,manifestOffset_x,manifestOffset_y,manifestBattleScale,myAlphaBBox_w,myAlphaBBox_h,myAlphaBBox_footY,myAlphaBBox_centerX,manifestVsAlpha_heightDeltaPx,automatedFaceTemplateMatchScale_UNRELIABLE,automatedMatchConfidence_UNRELIABLE,visualJudgement,causeCandidate,comment
bullet,assets/art/runtime/bullet/p1/legacy_crouch/crouch.png,pose:crouch,crouch,405,222,428,222,218.5,223.762,-218.5,-223.762,0.5,429,222,223,215.0,0,0.2826086956521739,0.7707679271697998,OK,N/A (no anomaly found on visual review),
bullet,assets/art/runtime/bullet/p1/legacy_crouch_atk/crouch_atk.png,pose:crouch_atk,crouch_atk,356,226,437,226,197,227.767,-197,-227.767,0.5,437,226,227,220.0,0,0.34782608695652173,0.7784034013748169,OK,N/A (no anomaly found on visual review),
bullet,assets/art/runtime/bullet/p1/downset/down.png,pose:down,down,475,120,501,120,247.5,121.759,-247.5,-121.759,0.5,502,120,121,251.5,0,0.25,0.6235758662223816,OK,N/A (no anomaly found on visual review),
bullet,assets/art/runtime/bullet/p1/common_basic/flinch.png,pose:flinch,flinch,359,315,407,341,210.5,409.082,-210.5,-409.082,0.5,407,341,342,205.0,0,0.7391304347826086,0.8189663290977478,OK,N/A (no anomaly found on visual review),
bullet,assets/art/runtime/bullet/p1/downset/getup.png,pose:getup,getup,381,226,417,226,208.5,234.466,-208.5,-234.466,0.5,417,226,227,210.0,0,0.25,0.6969628930091858,OK,N/A (no anomaly found on visual review),
bullet,assets/art/runtime/bullet/p1/legacy_grabbed/grabbed.png,pose:grabbed,grabbed,181,393,221,393,100.5,392.768,-100.5,-392.768,0.5,221,393,392,112.0,0,0.34782608695652173,0.7694537043571472,OK,N/A (no anomaly found on visual review),
bullet,assets/art/runtime/bullet/p1/common_basic/guard.png,pose:guard,guard,359,314,385,314,188.5,320.234,-188.5,-320.234,0.5,385,314,315,192.0,0,0.7717391304347826,0.7824438214302063,OK,N/A (no anomaly found on visual review),
bullet,assets/art/runtime/bullet/p1/common_basic/idle.png,pose:idle,idle,338,355,393,355,208,356.766,-208,-356.766,0.5,393,355,356,198.0,0,1.0652173913043477,0.8619707822799683,OK,N/A (no anomaly found on visual review),
bullet,assets/art/runtime/bullet/p1/downset/ko.png,pose:ko,ko,479,155,490,155,250.5,171.69,-250.5,-171.69,0.5,492,155,156,246.5,0,0.31521739130434784,0.5722746253013611,OK,N/A (no anomaly found on visual review),
bullet,assets/art/runtime/bullet/p1/legacy_lunge/lunge.png,pose:lunge,lunge,428,260,454,260,236,261.763,-236,-261.763,0.5,455,260,261,228.0,0,0.25,0.7837872505187988,OK,N/A (no anomaly found on visual review),
bullet,assets/art/runtime/bullet/p1/legacy_sway/sway.png,pose:sway,sway,302,326,373,326,190,327.765,-190,-327.765,0.5,374,326,327,187.5,0,0.2826086956521739,0.7773872017860413,OK,N/A (no anomaly found on visual review),
bullet,assets/art/runtime/bullet/p1/downset/ult_charge.png,pose:ult_charge,ult_charge,399,226,418,226,215.5,247.864,-215.5,-247.864,0.5,418,226,227,210.5,0,0.25,0.7490040063858032,OK,N/A (no anomaly found on visual review),
bullet,assets/art/runtime/bullet/p1/common_basic/victory.png,pose:victory,victory,306,361,365,361,187,421.885,-187,-421.885,0.5,365,361,360,182.0,0,1.1304347826086958,0.7562795281410217,OK,N/A (no anomaly found on visual review),
bullet,assets/art/runtime/bullet/p1/cmd_01/f1.png,cmd_01,F1,236,287,291,287,151,288.767,-151,-288.767,0.5,291,287,288,147.0,0,0.9021739130434783,0.8765234351158142,OK,N/A (no anomaly found on visual review),
bullet,assets/art/runtime/bullet/p1/cmd_01/f2.png,cmd_01,F2,291,251,315,251,152.5,254.254,-152.5,-254.254,0.5,315,251,252,157.0,0,0.25,0.7679883241653442,OK,N/A (no anomaly found on visual review),
bullet,assets/art/runtime/bullet/p1/cmd_01/f3.png,cmd_01,F3,307,262,331,262,153.5,263.765,-153.5,-263.765,0.5,331,262,263,165.0,0,0.7065217391304348,0.7565461993217468,OK,N/A (no anomaly found on visual review),
bullet,assets/art/runtime/bullet/p1/cmd_01/f4.png,cmd_01,F4,249,269,289,269,154.5,270.768,-154.5,-270.768,0.5,289,269,270,146.0,0,0.8695652173913043,0.8522632122039795,OK,N/A (no anomaly found on visual review),
bullet,assets/art/runtime/bullet/p1/cmd_02/f1.png,cmd_02,F1,224,260,251,260,129,284.136,-129,-284.136,0.5,251,260,261,127.0,0,0.7717391304347826,0.8935336470603943,OK,N/A (no anomaly found on visual review),
bullet,assets/art/runtime/bullet/p1/cmd_02/f2.png,cmd_02,F2,260,251,273,251,130,266.152,-130,-266.152,0.5,273,252,252,136.0,1,0.25,0.7354139089584351,OK,N/A (no anomaly found on visual review),
bullet,assets/art/runtime/bullet/p1/cmd_02/f3.png,cmd_02,F3,244,239,326,239,160,240.771,-160,-240.771,0.5,326,239,240,162.5,0,0.25,0.6947417259216309,OK,N/A (no anomaly found on visual review),
bullet,assets/art/runtime/bullet/p1/cmd_02/f4.png,cmd_02,F4,202,277,282,277,172,283.23,-172,-283.23,0.5,282,278,278,142.5,1,0.7717391304347826,0.8855676651000977,OK,N/A (no anomaly found on visual review),
bullet,assets/art/runtime/bullet/p1/cmd_03/f1.png,cmd_03,F1,227,289,271,289,144.5,305.674,-144.5,-305.674,0.5,272,289,290,136.5,0,0.8369565217391304,0.905074954032898,OK,N/A (no anomaly found on visual review),
bullet,assets/art/runtime/bullet/p1/cmd_03/f2.png,cmd_03,F2,271,254,304,254,147.5,275.15,-147.5,-275.15,0.5,305,254,255,153.0,0,0.25,0.780241847038269,OK,N/A (no anomaly found on visual review),
bullet,assets/art/runtime/bullet/p1/cmd_03/f3.png,cmd_03,F3,168,368,226,368,119,369.768,-119,-369.768,0.5,226,368,369,114.5,0,0.7717391304347826,0.821855366230011,OK,N/A (no anomaly found on visual review),
bullet,assets/art/runtime/bullet/p1/cmd_03/f4.png,cmd_03,F4,240,286,270,286,133,302.641,-133,-302.641,0.5,270,286,287,134.5,0,0.8369565217391304,0.9084925651550293,OK,N/A (no anomaly found on visual review),
bullet,assets/art/runtime/bullet/p1/cmd_04/f1.png,cmd_04,F1,222,248,321,248,151,250.513,-151,-250.513,0.5,321,249,249,162.0,1,0.8043478260869565,0.8256171941757202,OK,N/A (no anomaly found on visual review),
bullet,assets/art/runtime/bullet/p1/cmd_04/f2.png,cmd_04,F2,242,203,328,203,121,204.766,-121,-204.766,0.5,328,203,204,163.5,0,0.25,0.7232380509376526,OK,N/A (no anomaly found on visual review),
bullet,assets/art/runtime/bullet/p1/cmd_04/f3.png,cmd_04,F3,331,156,331,162,165.5,164.511,-165.5,-164.511,0.5,331,162,163,165.0,0,0.25,0.5701116323471069,OK,N/A (no anomaly found on visual review),
bullet,assets/art/runtime/bullet/p1/cmd_04/f4.png,cmd_04,F4,255,239,277,239,146.5,242.257,-146.5,-242.257,0.5,277,240,240,140.0,1,0.8043478260869565,0.8483375906944275,OK,N/A (no anomaly found on visual review),
bullet,assets/art/runtime/bullet/p1/cmd_05/f1.png,cmd_05,F1,257,294,324,294,159.5,298.743,-159.5,-298.743,0.5,325,295,295,164.0,1,0.9021739130434783,0.8791549801826477,OK,N/A (no anomaly found on visual review),
bullet,assets/art/runtime/bullet/p1/cmd_05/f2.png,cmd_05,F2,271,259,288,259,138.5,267.47,-138.5,-267.47,0.5,288,259,260,143.5,0,0.34782608695652173,0.7487587332725525,OK,N/A (no anomaly found on visual review),
bullet,assets/art/runtime/bullet/p1/cmd_05/f3.png,cmd_05,F3,284,272,331,272,170,278.976,-170,-278.976,0.5,331,273,273,165.0,1,0.25,0.757470428943634,OK,N/A (no anomaly found on visual review),
bullet,assets/art/runtime/bullet/p1/cmd_05/f4.png,cmd_05,F4,242,294,300,294,163,295.771,-163,-295.771,0.5,301,295,295,150.0,1,0.8369565217391304,0.7835826873779297,OK,N/A (no anomaly found on visual review),
bullet,assets/art/runtime/bullet/p1/cmd_06/f1.png,cmd_06,F1,217,290,297,290,137.5,296.977,-137.5,-296.977,0.5,297,290,291,150.0,0,0.8369565217391304,0.8485119938850403,OK,N/A (no anomaly found on visual review),
bullet,assets/art/runtime/bullet/p1/cmd_06/f2.png,cmd_06,F2,257,273,311,273,128.5,279.234,-128.5,-279.234,0.5,311,273,274,155.0,0,0.8369565217391304,0.8497854471206665,OK,N/A (no anomaly found on visual review),
bullet,assets/art/runtime/bullet/p1/cmd_06/f3.png,cmd_06,F3,238,276,287,277,156,281,-156,-281,0.5,288,277,278,145.5,0,0.8043478260869565,0.8756751418113708,OK,N/A (no anomaly found on visual review),
bullet,assets/art/runtime/bullet/p1/cmd_06/f4.png,cmd_06,F4,220,287,263,287,136,288.767,-136,-288.767,0.5,263,287,288,131.0,0,0.41304347826086957,0.802092432975769,OK,N/A (no anomaly found on visual review),
bullet,assets/art/runtime/bullet/p1/cmd_07/f1.png,cmd_07,F1,214,246,315,246,131,247.768,-131,-247.768,0.5,316,246,247,159.5,0,0.7391304347826086,0.8460382223129272,OK,N/A (no anomaly found on visual review),
bullet,assets/art/runtime/bullet/p1/cmd_07/f2.png,cmd_07,F2,270,178,328,178,135,183.492,-135,-183.492,0.5,328,178,179,163.5,0,0.25,0.7216581106185913,OK,N/A (no anomaly found on visual review),
bullet,assets/art/runtime/bullet/p1/cmd_07/f3.png,cmd_07,F3,331,110,331,175,165.5,179,-165.5,-179,0.5,331,175,176,165.0,0,0.25,0.5274167656898499,OK,N/A (no anomaly found on visual review),
bullet,assets/art/runtime/bullet/p1/cmd_07/f4.png,cmd_07,F4,242,204,296,204,166,205.763,-166,-205.763,0.5,296,204,205,149.5,0,0.31521739130434784,0.7313175201416016,OK,N/A (no anomaly found on visual review),
bullet,assets/art/runtime/bullet/p1/grab/f1.png,grab,F1,253,296,297,296,155.5,299.256,-155.5,-299.256,0.5,299,296,297,150.0,0,0.9021739130434783,0.8851751685142517,OK,N/A (no anomaly found on visual review),
bullet,assets/art/runtime/bullet/p1/grab/f2.png,grab,F2,267,281,330,281,156.5,283.512,-156.5,-283.512,0.5,330,281,282,164.5,0,0.8043478260869565,0.7981128096580505,OK,N/A (no anomaly found on visual review),
bullet,assets/art/runtime/bullet/p1/grab/f3.png,grab,F3,260,292,294,292,158,295.254,-158,-295.254,0.5,294,292,293,148.5,0,0.8369565217391304,0.82710200548172,OK,N/A (no anomaly found on visual review),
bullet,assets/art/runtime/bullet/p1/grab/f4.png,grab,F4,237,292,268,292,137.5,293.763,-137.5,-293.763,0.5,268,292,293,133.5,0,0.8695652173913043,0.8909463882446289,OK,N/A (no anomaly found on visual review),
bullet,assets/art/runtime/bullet/p1/high/f1.png,high,F1,314,310,357,310,191,316.232,-191,-316.232,0.5,357,311,311,180.0,1,0.2826086956521739,0.8877983093261719,OK,N/A (no anomaly found on visual review),
bullet,assets/art/runtime/bullet/p1/high/f2.png,high,F2,296,304,347,304,185,309.488,-185,-309.488,0.5,347,305,305,175.0,1,0.9021739130434783,0.8143842220306396,OK,N/A (no anomaly found on visual review),
bullet,assets/art/runtime/bullet/p1/high/f3.png,high,F3,353,338,368,338,191.5,345.717,-191.5,-345.717,0.5,368,338,339,183.5,0,0.7717391304347826,0.8525770306587219,OK,N/A (no anomaly found on visual review),
bullet,assets/art/runtime/bullet/p1/high/f4.png,high,F4,205,311,339,336,189.5,337.768,-189.5,-337.768,0.5,339,336,337,169.0,0,0.9347826086956521,0.8696216344833374,OK,N/A (no anomaly found on visual review),
bullet,assets/art/runtime/bullet/p1/low/f1.png,low,F1,275,210,300,210,156.5,213.254,-156.5,-213.254,0.5,301,210,211,151.0,0,0.25,0.7765495181083679,OK,N/A (no anomaly found on visual review),
bullet,assets/art/runtime/bullet/p1/low/f2.png,low,F2,280,187,302,187,144,189.514,-144,-189.514,0.5,302,189,189,150.5,2,0.25,0.7654898166656494,OK,N/A (no anomaly found on visual review),
bullet,assets/art/runtime/bullet/p1/low/f3.png,low,F3,331,149,331,149,165.5,150.772,-165.5,-150.772,0.5,331,150,150,165.0,1,0.3804347826086957,0.7455083727836609,OK,N/A (no anomaly found on visual review),
bullet,assets/art/runtime/bullet/p1/low/f4.png,low,F4,252,172,268,172,140,174.515,-140,-174.515,0.5,268,172,173,135.5,0,0.25,0.7582686543464661,OK,N/A (no anomaly found on visual review),
bullet,assets/art/runtime/bullet/p1/mid/f1.png,mid,F1,279,294,321,294,171.5,297.257,-171.5,-297.257,0.5,322,295,295,162.5,1,0.8695652173913043,0.7602059841156006,OK,N/A (no anomaly found on visual review),
bullet,assets/art/runtime/bullet/p1/mid/f2.png,mid,F2,275,297,319,297,170.5,299.51,-170.5,-299.51,0.5,320,297,298,159.5,0,0.25,0.7653429508209229,OK,N/A (no anomaly found on visual review),
bullet,assets/art/runtime/bullet/p1/mid/f3.png,mid,F3,288,279,331,279,150,281.511,-150,-281.511,0.5,331,279,280,165.0,0,0.25,0.7515385150909424,OK,N/A (no anomaly found on visual review),
bullet,assets/art/runtime/bullet/p1/mid/f4.png,mid,F4,255,294,274,294,135.5,295.771,-135.5,-295.771,0.5,274,294,295,136.5,0,0.8695652173913043,0.8643592000007629,OK,N/A (no anomaly found on visual review),
bullet,assets/art/runtime/bullet/p1/mikiri/f1.png,mikiri,F1,257,284,300,284,159.5,287.256,-159.5,-287.256,0.5,300,284,285,151.5,0,0.8043478260869565,0.8710801601409912,OK,N/A (no anomaly found on visual review),
bullet,assets/art/runtime/bullet/p1/mikiri/f2.png,mikiri,F2,271,239,302,239,157.5,242.257,-157.5,-242.257,0.5,302,239,240,150.5,0,0.3804347826086957,0.7939306497573853,OK,N/A (no anomaly found on visual review),
bullet,assets/art/runtime/bullet/p1/mikiri/f3.png,mikiri,F3,314,216,323,216,168,221.492,-168,-221.492,0.5,324,216,217,162.5,0,0.25,0.7739128470420837,OK,N/A (no anomaly found on visual review),
bullet,assets/art/runtime/bullet/p1/mikiri/f4.png,mikiri,F4,241,271,282,271,149.5,272.77,-149.5,-272.77,0.5,282,272,272,142.5,1,0.7717391304347826,0.8796849250793457,OK,N/A (no anomaly found on visual review),
bullet,assets/art/runtime/bullet/p1/roar/f1.png,roar,F1,300,360,341,360,193,364.744,-193,-364.744,0.5,341,360,361,172.0,0,1.0,0.7934859991073608,OK,N/A (no anomaly found on visual review),
bullet,assets/art/runtime/bullet/p1/roar/f2.png,roar,F2,267,367,325,367,180.5,371.745,-180.5,-371.745,0.5,325,367,368,164.0,0,1.1630434782608696,0.814156711101532,OK,N/A (no anomaly found on visual review),
bullet,assets/art/runtime/bullet/p1/roar/f3.png,roar,F3,273,403,359,403,183.5,407.744,-183.5,-407.744,0.5,359,403,404,179.0,0,1.358695652173913,0.8000443577766418,OK,N/A (no anomaly found on visual review),
bullet,assets/art/runtime/bullet/p1/roar/f4.png,roar,F4,276,361,319,361,156,362.765,-156,-362.765,0.5,319,361,362,159.0,0,1.0978260869565217,0.8685043454170227,OK,N/A (no anomaly found on visual review),
chirka,assets/art/runtime/chirka/p1/legacy_crouch/crouch.png,pose:crouch,crouch,309,244,309,244,156.5,246.032,-156.5,-246.032,0.5,311,245,245,156.0,1,0.2826086956521739,0.5622903108596802,OK,N/A (no anomaly found on visual review),
chirka,assets/art/runtime/chirka/p1/legacy_crouch_atk/crouch_atk.png,pose:crouch_atk,crouch_atk,358,241,358,241,181,243.029,-181,-243.029,0.5,360,243,243,180.5,2,0.25,0.5907785296440125,OK,N/A (no anomaly found on visual review),
chirka,assets/art/runtime/chirka/p1/downset/down.png,pose:down,down,376,121,386,214,200,134.356,-200,-134.356,0.5,389,216,216,194.0,2,0.25,0.6848334074020386,OK,N/A (no anomaly found on visual review),
chirka,assets/art/runtime/chirka/p1/common_basic/flinch.png,pose:flinch,flinch,332,321,332,321,168,381.579,-168,-381.579,0.5,334,323,323,167.5,2,0.25,0.6972078084945679,OK,N/A (no anomaly found on visual review),
chirka,assets/art/runtime/chirka/p1/downset/getup.png,pose:getup,getup,324,219,324,219,164,221.027,-164,-221.027,0.5,326,220,220,163.5,1,0.34782608695652173,0.5365234613418579,OK,N/A (no anomaly found on visual review),
chirka,assets/art/runtime/chirka/p1/legacy_grabbed/grabbed.png,pose:grabbed,grabbed,296,229,296,229,150,231.025,-150,-231.025,0.5,297,231,231,149.0,2,0.25,0.754706084728241,OK,N/A (no anomaly found on visual review),
chirka,assets/art/runtime/chirka/p1/common_basic/guard.png,pose:guard,guard,290,328,290,328,147,330.028,-147,-330.028,0.5,292,330,330,146.5,2,0.25,0.5756266713142395,OK,N/A (no anomaly found on visual review),
chirka,assets/art/runtime/chirka/p1/common_basic/idle.png,pose:idle,idle,307,337,307,337,155.5,339.029,-155.5,-339.029,0.5,309,339,339,155.0,2,0.25,0.5710384249687195,OK,N/A (no anomaly found on visual review),
chirka,assets/art/runtime/chirka/p1/downset/ko.png,pose:ko,ko,378,137,378,137,191,173.791,-191,-173.791,0.5,380,139,139,190.5,2,0.44565217391304346,0.6840094327926636,OK,N/A (no anomaly found on visual review),
chirka,assets/art/runtime/chirka/p1/legacy_lunge/lunge.png,pose:lunge,lunge,332,281,332,281,168,283.03,-168,-283.03,0.5,333,283,283,168.0,2,0.25,0.6065219044685364,OK,N/A (no anomaly found on visual review),
chirka,assets/art/runtime/chirka/p1/legacy_sway/sway.png,pose:sway,sway,266,327,266,327,135,329.03,-135,-329.03,0.5,267,329,329,135.0,2,0.25,0.7891412377357483,OK,N/A (no anomaly found on visual review),
chirka,assets/art/runtime/chirka/p1/downset/ult_charge.png,pose:ult_charge,ult_charge,291,250,291,250,147.5,252.026,-147.5,-252.026,0.5,293,251,252,147.0,1,0.41304347826086957,0.5952640771865845,OK,N/A (no anomaly found on visual review),
chirka,assets/art/runtime/chirka/p1/common_basic/victory.png,pose:victory,victory,279,336,279,336,141.5,385.377,-141.5,-385.377,0.5,281,338,338,141.0,2,0.25,0.8083255290985107,OK,N/A (no anomaly found on visual review),
chirka,assets/art/runtime/chirka/p1/cmd_01/f1.png,cmd_01,F1,233,273,233,273,118.5,277,-118.5,-277,0.5,234,275,275,118.5,2,0.25,0.5587514638900757,OK,N/A (no anomaly found on visual review),
chirka,assets/art/runtime/chirka/p1/cmd_01/f2.png,cmd_01,F2,265,252,265,252,132.5,254.684,-132.5,-254.684,0.5,265,254,254,132.0,2,0.25,0.7388899326324463,OK,N/A (no anomaly found on visual review),
chirka,assets/art/runtime/chirka/p1/cmd_01/f3.png,cmd_01,F3,292,257,292,257,146,259.685,-146,-259.685,0.5,292,259,259,145.5,2,0.3804347826086957,0.5732187032699585,OK,N/A (no anomaly found on visual review),
chirka,assets/art/runtime/chirka/p1/cmd_01/f4.png,cmd_01,F4,250,252,250,252,125,254.026,-125,-254.026,0.5,251,253,253,125.0,1,0.25,0.5552570819854736,OK,N/A (no anomaly found on visual review),
chirka,assets/art/runtime/chirka/p1/cmd_02/f1.png,cmd_02,F1,228,266,228,266,116,271.314,-116,-271.314,0.5,230,268,268,115.5,2,0.44565217391304346,0.5680357217788696,OK,N/A (no anomaly found on visual review),
chirka,assets/art/runtime/chirka/p1/cmd_02/f2.png,cmd_02,F2,250,251,250,251,125,256.314,-125,-256.314,0.5,251,253,253,125.0,2,0.8369565217391304,0.5771644115447998,OK,N/A (no anomaly found on visual review),
chirka,assets/art/runtime/chirka/p1/cmd_02/f3.png,cmd_02,F3,275,261,275,261,137.5,263.685,-137.5,-263.685,0.5,275,263,263,137.0,2,0.25,0.5731257200241089,OK,N/A (no anomaly found on visual review),
chirka,assets/art/runtime/chirka/p1/cmd_02/f4.png,cmd_02,F4,230,262,239,273,125,275.026,-125,-275.026,0.5,240,274,274,119.5,1,0.5760869565217391,0.683143138885498,OK,N/A (no anomaly found on visual review),
chirka,assets/art/runtime/chirka/p1/cmd_03/f1.png,cmd_03,F1,230,268,230,268,117,272,-117,-272,0.5,230,270,270,116.5,2,0.25,0.5851526260375977,OK,N/A (no anomaly found on visual review),
chirka,assets/art/runtime/chirka/p1/cmd_03/f2.png,cmd_03,F2,275,251,275,251,137.5,255.657,-137.5,-255.657,0.5,275,253,253,137.0,2,0.25,0.7138087153434753,OK,N/A (no anomaly found on visual review),
chirka,assets/art/runtime/chirka/p1/cmd_03/f3.png,cmd_03,F3,269,237,269,237,136.5,239.687,-136.5,-239.687,0.5,270,239,239,135.5,2,0.2826086956521739,0.5684512257575989,OK,N/A (no anomaly found on visual review),
chirka,assets/art/runtime/chirka/p1/cmd_03/f4.png,cmd_03,F4,237,260,237,260,120.5,262.025,-120.5,-262.025,0.5,239,262,262,120.0,2,0.2826086956521739,0.5722770690917969,OK,N/A (no anomaly found on visual review),
chirka,assets/art/runtime/chirka/p1/cmd_04/f1.png,cmd_04,F1,228,263,228,263,116,265.032,-116,-265.032,0.5,229,265,265,116.0,2,0.25,0.5920741558074951,OK,N/A (no anomaly found on visual review),
chirka,assets/art/runtime/chirka/p1/cmd_04/f2.png,cmd_04,F2,263,239,263,239,131.5,244.314,-131.5,-244.314,0.5,264,241,241,131.5,2,0.34782608695652173,0.5817441344261169,OK,N/A (no anomaly found on visual review),
chirka,assets/art/runtime/chirka/p1/cmd_04/f3.png,cmd_04,F3,231,251,231,261,117.5,255.161,-117.5,-255.161,0.5,232,263,263,116.5,2,0.25,0.7363734841346741,OK,N/A (no anomaly found on visual review),
chirka,assets/art/runtime/chirka/p1/cmd_04/f4.png,cmd_04,F4,248,220,248,220,124,223.343,-124,-223.343,0.5,248,222,222,123.5,2,0.25,0.629138708114624,OK,N/A (no anomaly found on visual review),
chirka,assets/art/runtime/chirka/p1/cmd_05/f1.png,cmd_05,F1,214,256,214,256,109,262.626,-109,-262.626,0.5,216,257,257,108.5,1,0.25,0.5681002140045166,OK,N/A (no anomaly found on visual review),
chirka,assets/art/runtime/chirka/p1/cmd_05/f2.png,cmd_05,F2,271,208,271,208,135.5,211.342,-135.5,-211.342,0.5,271,209,209,135.0,1,0.31521739130434784,0.5829468965530396,OK,N/A (no anomaly found on visual review),
chirka,assets/art/runtime/chirka/p1/cmd_05/f3.png,cmd_05,F3,275,216,275,216,137.5,220.657,-137.5,-220.657,0.5,275,218,218,137.0,2,0.34782608695652173,0.5840919613838196,OK,N/A (no anomaly found on visual review),
chirka,assets/art/runtime/chirka/p1/cmd_05/f4.png,cmd_05,F4,263,197,263,197,131.5,199.029,-131.5,-199.029,0.5,264,198,198,131.5,1,0.25,0.6054526567459106,OK,N/A (no anomaly found on visual review),
chirka,assets/art/runtime/chirka/p1/cmd_06/f1.png,cmd_06,F1,237,281,237,281,120.5,284.342,-120.5,-284.342,0.5,238,283,283,119.5,2,0.25,0.6100082397460938,OK,N/A (no anomaly found on visual review),
chirka,assets/art/runtime/chirka/p1/cmd_06/f2.png,cmd_06,F2,245,278,245,278,124.5,283.315,-124.5,-283.315,0.5,246,280,280,124.5,2,0.25,0.5787698030471802,OK,N/A (no anomaly found on visual review),
chirka,assets/art/runtime/chirka/p1/cmd_06/f3.png,cmd_06,F3,259,288,259,288,131.5,291.344,-131.5,-291.344,0.5,260,289,289,130.5,1,0.3804347826086957,0.550178587436676,OK,N/A (no anomaly found on visual review),
chirka,assets/art/runtime/chirka/p1/cmd_06/f4.png,cmd_06,F4,222,271,231,271,122,273.026,-122,-273.026,0.5,232,273,273,116.5,2,0.25,0.5605306625366211,OK,N/A (no anomaly found on visual review),
chirka,assets/art/runtime/chirka/p1/cmd_07/f1.png,cmd_07,F1,216,253,235,253,110,255.028,-110,-255.028,0.5,237,255,255,119.0,2,0.25,0.6644222140312195,OK,N/A (no anomaly found on visual review),
chirka,assets/art/runtime/chirka/p1/cmd_07/f2.png,cmd_07,F2,239,189,239,198,119.5,204.632,-119.5,-204.632,0.5,240,200,200,119.5,2,0.25,0.5600855946540833,OK,N/A (no anomaly found on visual review),
chirka,assets/art/runtime/chirka/p1/cmd_07/f3.png,cmd_07,F3,275,165,275,166,137.5,192.317,-137.5,-192.317,0.5,275,168,168,137.0,2,0.41304347826086957,0.5758910775184631,OK,N/A (no anomaly found on visual review),
chirka,assets/art/runtime/chirka/p1/cmd_07/f4.png,cmd_07,F4,247,177,247,192,125.5,194.027,-125.5,-194.027,0.5,249,194,194,125.0,2,0.31521739130434784,0.6182467341423035,OK,N/A (no anomaly found on visual review),
chirka,assets/art/runtime/chirka/p1/grab/f1.png,grab,F1,230,260,230,260,117,262.683,-117,-262.683,0.5,232,261,261,116.5,1,0.44565217391304346,0.5446956753730774,OK,N/A (no anomaly found on visual review),
chirka,assets/art/runtime/chirka/p1/grab/f2.png,grab,F2,291,255,291,255,145.5,257.028,-145.5,-257.028,0.5,291,257,257,145.0,2,0.31521739130434784,0.590316653251648,OK,N/A (no anomaly found on visual review),
chirka,assets/art/runtime/chirka/p1/grab/f3.png,grab,F3,285,244,285,244,143.5,246.688,-143.5,-246.688,0.5,286,246,246,143.5,2,0.25,0.5385453104972839,OK,N/A (no anomaly found on visual review),
chirka,assets/art/runtime/chirka/p1/grab/f4.png,grab,F4,231,260,231,260,117.5,262.683,-117.5,-262.683,0.5,233,261,261,117.0,1,0.25,0.544215202331543,OK,N/A (no anomaly found on visual review),
chirka,assets/art/runtime/chirka/p1/high/f1.png,high,F1,246,322,246,322,125,326.657,-125,-326.657,0.5,248,324,324,124.5,2,0.25,0.6566413640975952,OK,N/A (no anomaly found on visual review),
chirka,assets/art/runtime/chirka/p1/high/f2.png,high,F2,254,319,254,319,129,325.631,-129,-325.631,0.5,256,321,321,128.5,2,0.31521739130434784,0.5982524752616882,OK,N/A (no anomaly found on visual review),
chirka,assets/art/runtime/chirka/p1/high/f3.png,high,F3,267,380,267,394,133.5,396.026,-133.5,-396.026,0.5,267,396,396,133.0,2,0.5108695652173914,0.6804358959197998,OK,N/A (no anomaly found on visual review),
chirka,assets/art/runtime/chirka/p1/high/f4.png,high,F4,246,290,246,290,123,292.031,-123,-292.031,0.5,247,292,292,123.0,2,0.2826086956521739,0.6916598677635193,OK,N/A (no anomaly found on visual review),
chirka,assets/art/runtime/chirka/p1/low/f1.png,low,F1,246,192,246,192,125,194.033,-125,-194.033,0.5,248,194,194,124.5,2,0.31521739130434784,0.6173735857009888,OK,N/A (no anomaly found on visual review),
chirka,assets/art/runtime/chirka/p1/low/f2.png,low,F2,275,162,275,162,139.5,164.688,-139.5,-164.688,0.5,277,164,164,139.0,2,0.25,0.5965158343315125,OK,N/A (no anomaly found on visual review),
chirka,assets/art/runtime/chirka/p1/low/f3.png,low,F3,284,142,284,142,144,144.685,-144,-144.685,0.5,285,144,144,143.0,2,0.25,0.6260010600090027,OK,N/A (no anomaly found on visual review),
chirka,assets/art/runtime/chirka/p1/low/f4.png,low,F4,203,162,203,162,103.5,164.683,-103.5,-164.683,0.5,204,164,164,102.5,2,0.25,0.5281839370727539,OK,N/A (no anomaly found on visual review),
chirka,assets/art/runtime/chirka/p1/mid/f1.png,mid,F1,237,283,237,283,120.5,287,-120.5,-287,0.5,239,285,285,120.0,2,0.25,0.6553575396537781,OK,N/A (no anomaly found on visual review),
chirka,assets/art/runtime/chirka/p1/mid/f2.png,mid,F2,236,271,236,271,120,274.344,-120,-274.344,0.5,238,272,272,119.5,1,0.25,0.6282992362976074,OK,N/A (no anomaly found on visual review),
chirka,assets/art/runtime/chirka/p1/mid/f3.png,mid,F3,292,267,292,267,146,269.684,-146,-269.684,0.5,292,269,269,145.5,2,0.25,0.7152732610702515,OK,N/A (no anomaly found on visual review),
chirka,assets/art/runtime/chirka/p1/mid/f4.png,mid,F4,235,271,235,271,119.5,273.031,-119.5,-273.031,0.5,236,273,273,119.5,2,0.25,0.5865285992622375,OK,N/A (no anomaly found on visual review),
chirka,assets/art/runtime/chirka/p1/mikiri/f1.png,mikiri,F1,234,261,234,261,119,266.315,-119,-266.315,0.5,236,263,263,118.5,2,0.44565217391304346,0.5952953100204468,OK,N/A (no anomaly found on visual review),
chirka,assets/art/runtime/chirka/p1/mikiri/f2.png,mikiri,F2,271,229,271,229,137.5,234.316,-137.5,-234.316,0.5,272,231,231,136.5,2,0.25,0.7166356444358826,OK,N/A (no anomaly found on visual review),
chirka,assets/art/runtime/chirka/p1/mikiri/f3.png,mikiri,F3,292,213,292,248,146,253.313,-146,-253.313,0.5,292,249,249,145.5,1,0.6413043478260869,0.8076888918876648,OK,N/A (no anomaly found on visual review),
chirka,assets/art/runtime/chirka/p1/mikiri/f4.png,mikiri,F4,227,258,255,258,143.5,260.03,-143.5,-260.03,0.5,257,260,260,129.0,2,0.25,0.6224157810211182,OK,N/A (no anomaly found on visual review),
chirka,assets/art/runtime/chirka/p1/roar/f1.png,roar,F1,272,300,272,300,138,302.687,-138,-302.687,0.5,274,302,302,137.5,2,0.25,0.587380051612854,OK,N/A (no anomaly found on visual review),
chirka,assets/art/runtime/chirka/p1/roar/f2.png,roar,F2,274,329,274,329,139,331.684,-139,-331.684,0.5,276,330,330,138.5,1,0.25,0.6455479860305786,OK,N/A (no anomaly found on visual review),
chirka,assets/art/runtime/chirka/p1/roar/f3.png,roar,F3,289,334,289,334,146.5,336.031,-146.5,-336.031,0.5,290,336,336,145.5,2,0.25,0.6267903447151184,OK,N/A (no anomaly found on visual review),
chirka,assets/art/runtime/chirka/p1/roar/f4.png,roar,F4,258,302,258,302,131,306,-131,-306,0.5,260,303,303,130.5,1,0.25,0.7087048888206482,OK,N/A (no anomaly found on visual review),
dark_moguzo,assets/art/runtime/dark_moguzo/p1/cmd_01/f1.png,cmd_01,F1,227,285,227,285,115.5,287.147,-115.5,-287.147,0.5,229,287,287,115.0,2,0.25,0.7337062954902649,OK,N/A (no anomaly found on visual review),
dark_moguzo,assets/art/runtime/dark_moguzo/p1/cmd_01/f2.png,cmd_01,F2,242,252,242,252,121,256.617,-121,-256.617,0.5,243,254,254,121.0,2,0.25,0.7286486625671387,OK,N/A (no anomaly found on visual review),
dark_moguzo,assets/art/runtime/dark_moguzo/p1/cmd_01/f3.png,cmd_01,F3,300,243,300,243,150,248.853,-150,-248.853,0.5,300,245,245,149.5,2,0.2826086956521739,0.7280609607696533,OK,N/A (no anomaly found on visual review),
dark_moguzo,assets/art/runtime/dark_moguzo/p1/cmd_01/f4.png,cmd_01,F4,208,269,208,269,106,274.849,-106,-274.849,0.5,210,271,271,105.5,2,0.4782608695652174,0.707018256187439,OK,N/A (no anomaly found on visual review),
dark_moguzo,assets/art/runtime/dark_moguzo/p1/cmd_02/f1.png,cmd_02,F1,200,230,262,230,102,241.389,-102,-241.389,0.5,263,232,232,133.0,2,0.25,0.6996557116508484,OK,N/A (no anomaly found on visual review),
dark_moguzo,assets/art/runtime/dark_moguzo/p1/cmd_02/f2.png,cmd_02,F2,272,223,272,223,136,233.152,-136,-233.152,0.5,272,225,225,135.5,2,0.25,0.6997876167297363,OK,N/A (no anomaly found on visual review),
dark_moguzo,assets/art/runtime/dark_moguzo/p1/cmd_02/f3.png,cmd_02,F3,175,319,175,343,89.5,338.988,-89.5,-338.988,0.5,177,345,345,89.0,2,0.5108695652173914,0.7549729347229004,OK,N/A (no anomaly found on visual review),
dark_moguzo,assets/art/runtime/dark_moguzo/p1/cmd_02/f4.png,cmd_02,F4,206,228,208,228,107,230.154,-107,-230.154,0.5,210,230,230,105.5,2,0.25,0.7503979802131653,OK,N/A (no anomaly found on visual review),
dark_moguzo,assets/art/runtime/dark_moguzo/p1/cmd_03/f1.png,cmd_03,F1,193,238,260,238,98.5,240.148,-98.5,-240.148,0.5,263,240,240,131.0,2,0.25,0.7118241786956787,OK,N/A (no anomaly found on visual review),
dark_moguzo,assets/art/runtime/dark_moguzo/p1/cmd_03/f2.png,cmd_03,F2,273,218,273,218,136.5,225.7,-136.5,-225.7,0.5,273,220,220,136.0,2,0.34782608695652173,0.7446618676185608,OK,N/A (no anomaly found on visual review),
dark_moguzo,assets/art/runtime/dark_moguzo/p1/cmd_03/f3.png,cmd_03,F3,262,222,262,222,133,227.232,-133,-227.232,0.5,263,224,224,132.0,2,0.44565217391304346,0.6731895804405212,OK,N/A (no anomaly found on visual review),
dark_moguzo,assets/art/runtime/dark_moguzo/p1/cmd_03/f4.png,cmd_03,F4,185,233,240,233,149.5,235.153,-149.5,-235.153,0.5,242,235,235,121.5,2,0.41304347826086957,0.7207325100898743,OK,N/A (no anomaly found on visual review),
dark_moguzo,assets/art/runtime/dark_moguzo/p1/cmd_04/f1.png,cmd_04,F1,178,228,262,228,91,230.766,-91,-230.766,0.5,263,230,230,132.0,2,0.41304347826086957,0.6821797490119934,OK,N/A (no anomaly found on visual review),
dark_moguzo,assets/art/runtime/dark_moguzo/p1/cmd_04/f2.png,cmd_04,F2,238,201,238,201,119,204.383,-119,-204.383,0.5,239,203,203,119.0,2,0.31521739130434784,0.7809574604034424,OK,N/A (no anomaly found on visual review),
dark_moguzo,assets/art/runtime/dark_moguzo/p1/cmd_04/f3.png,cmd_04,F3,273,180,273,180,137.5,182.148,-137.5,-182.148,0.5,274,182,182,136.5,2,0.31521739130434784,0.7545953989028931,OK,N/A (no anomaly found on visual review),
dark_moguzo,assets/art/runtime/dark_moguzo/p1/cmd_04/f4.png,cmd_04,F4,204,181,239,181,138,184.383,-138,-184.383,0.5,240,183,183,120.5,2,0.25,0.7379119396209717,OK,N/A (no anomaly found on visual review),
dark_moguzo,assets/art/runtime/dark_moguzo/p1/cmd_05/f1.png,cmd_05,F1,188,251,257,251,96,253.148,-96,-253.148,0.5,260,253,253,129.5,2,0.41304347826086957,0.7235760688781738,OK,N/A (no anomaly found on visual review),
dark_moguzo,assets/art/runtime/dark_moguzo/p1/cmd_05/f2.png,cmd_05,F2,249,229,249,229,124.5,235.466,-124.5,-235.466,0.5,250,231,231,124.5,2,0.3804347826086957,0.7984456419944763,OK,N/A (no anomaly found on visual review),
dark_moguzo,assets/art/runtime/dark_moguzo/p1/cmd_05/f3.png,cmd_05,F3,221,281,252,301,112.5,306.235,-112.5,-306.235,0.5,254,303,303,127.5,2,0.25,0.7746885418891907,OK,N/A (no anomaly found on visual review),
dark_moguzo,assets/art/runtime/dark_moguzo/p1/cmd_05/f4.png,cmd_05,F4,238,214,238,214,119,217.382,-119,-217.382,0.5,239,216,216,119.0,2,0.34782608695652173,0.7720587849617004,OK,N/A (no anomaly found on visual review),
dark_moguzo,assets/art/runtime/dark_moguzo/p1/cmd_06/f1.png,cmd_06,F1,190,248,258,248,97,250.147,-97,-250.147,0.5,259,250,250,130.0,2,0.34782608695652173,0.7831141948699951,OK,N/A (no anomaly found on visual review),
dark_moguzo,assets/art/runtime/dark_moguzo/p1/cmd_06/f2.png,cmd_06,F2,259,219,259,219,129.5,224.848,-129.5,-224.848,0.5,260,221,221,129.5,2,0.34782608695652173,0.7504262924194336,OK,N/A (no anomaly found on visual review),
dark_moguzo,assets/art/runtime/dark_moguzo/p1/cmd_06/f3.png,cmd_06,F3,261,219,261,219,132.5,223,-132.5,-223,0.5,261,221,221,132.0,2,0.41304347826086957,0.6921175718307495,OK,N/A (no anomaly found on visual review),
dark_moguzo,assets/art/runtime/dark_moguzo/p1/cmd_06/f4.png,cmd_06,F4,223,227,247,227,136.5,231,-136.5,-231,0.5,249,229,229,124.0,2,0.34782608695652173,0.7567510008811951,OK,N/A (no anomaly found on visual review),
dark_moguzo,assets/art/runtime/dark_moguzo/p1/cmd_07/f1.png,cmd_07,F1,176,234,233,234,90,236.15,-90,-236.15,0.5,235,236,236,118.0,2,0.34782608695652173,0.7459010481834412,OK,N/A (no anomaly found on visual review),
dark_moguzo,assets/art/runtime/dark_moguzo/p1/cmd_07/f2.png,cmd_07,F2,233,197,233,197,116.5,203.466,-116.5,-203.466,0.5,234,199,199,116.5,2,0.31521739130434784,0.7762451171875,OK,N/A (no anomaly found on visual review),
dark_moguzo,assets/art/runtime/dark_moguzo/p1/cmd_07/f3.png,cmd_07,F3,274,196,274,196,137,199.383,-137,-199.383,0.5,274,198,198,136.5,2,0.41304347826086957,0.7434072494506836,OK,N/A (no anomaly found on visual review),
dark_moguzo,assets/art/runtime/dark_moguzo/p1/cmd_07/f4.png,cmd_07,F4,217,200,227,200,120.5,203.384,-120.5,-203.384,0.5,229,202,202,115.0,2,0.31521739130434784,0.7874670624732971,OK,N/A (no anomaly found on visual review),
godan,assets/art/runtime/godan/p1/legacy_crouch/crouch.png,pose:crouch,crouch,476,369,476,369,241,371.968,-241,-371.968,0.5,477,370,372,241.0,1,0.7391304347826086,0.6465088129043579,OK,N/A (no anomaly found on visual review),
godan,assets/art/runtime/godan/p1/legacy_crouch_atk/crouch_atk.png,pose:crouch_atk,crouch_atk,601,367,601,367,303.5,369.967,-303.5,-369.967,0.5,602,368,370,302.5,1,1.4239130434782608,0.6983710527420044,OK,N/A (no anomaly found on visual review),
godan,assets/art/runtime/godan/p1/downset/down.png,pose:down,down,613,242,613,242,309.5,270.179,-309.5,-270.179,0.5,614,243,245,309.5,1,0.6086956521739131,0.6644532680511475,OK,N/A (no anomaly found on visual review),
godan,assets/art/runtime/godan/p1/common_basic/flinch.png,pose:flinch,flinch,525,400,525,400,265.5,501.945,-265.5,-501.945,0.5,526,401,403,265.5,1,0.3804347826086957,0.7339947819709778,OK,N/A (no anomaly found on visual review),
godan,assets/art/runtime/godan/p1/downset/getup.png,pose:getup,getup,558,365,558,365,282,396.272,-282,-396.272,0.5,560,366,368,281.5,1,1.5869565217391304,0.736357569694519,OK,N/A (no anomaly found on visual review),
godan,assets/art/runtime/godan/p1/legacy_grabbed/grabbed.png,pose:grabbed,grabbed,342,413,342,413,174,412.971,-174,-412.971,0.5,343,414,413,174.0,1,0.31521739130434784,0.8070762753486633,OK,N/A (no anomaly found on visual review),
godan,assets/art/runtime/godan/p1/common_basic/guard.png,pose:guard,guard,462,483,462,483,234,485.969,-234,-485.969,0.5,464,484,486,233.5,1,0.3804347826086957,0.8492168188095093,OK,N/A (no anomaly found on visual review),
godan,assets/art/runtime/godan/p1/common_basic/idle.png,pose:idle,idle,459,372,459,372,232.5,374.968,-232.5,-374.968,0.5,461,373,375,232.0,1,1.75,0.7473295331001282,OK,N/A (no anomaly found on visual review),
godan,assets/art/runtime/godan/p1/downset/ko.png,pose:ko,ko,601,211,601,211,303.5,244.251,-303.5,-244.251,0.5,602,212,214,303.5,1,0.31521739130434784,0.6439211368560791,OK,N/A (no anomaly found on visual review),
godan,assets/art/runtime/godan/p1/legacy_lunge/lunge.png,pose:lunge,lunge,552,448,552,448,279,450.973,-279,-450.973,0.5,553,449,451,279.0,1,1.4891304347826086,0.7285295724868774,OK,N/A (no anomaly found on visual review),
godan,assets/art/runtime/godan/p1/legacy_sway/sway.png,pose:sway,sway,467,551,467,551,236.5,553.973,-236.5,-553.973,0.5,468,552,554,236.5,1,0.34782608695652173,0.8216040730476379,OK,N/A (no anomaly found on visual review),
godan,assets/art/runtime/godan/p1/downset/ult_charge.png,pose:ult_charge,ult_charge,547,462,547,462,276.5,464.974,-276.5,-464.974,0.5,548,463,465,276.5,1,1.7826086956521738,0.755699634552002,OK,N/A (no anomaly found on visual review),
godan,assets/art/runtime/godan/p1/common_basic/victory.png,pose:victory,victory,545,349,545,349,275.5,453.835,-275.5,-453.835,0.5,546,350,352,275.5,1,1.0326086956521738,0.7296299338340759,OK,N/A (no anomaly found on visual review),
godan,assets/art/runtime/godan/p1/cmd_01/f1.png,cmd_01,F1,341,440,341,440,173.5,496.452,-173.5,-496.452,0.5,342,441,443,173.5,1,0.967391304347826,0.79216068983078,OK,N/A (no anomaly found on visual review),
godan,assets/art/runtime/godan/p1/cmd_01/f2.png,cmd_01,F2,446,414,446,414,223,468.462,-223,-468.462,0.5,447,415,417,223.0,1,0.25,0.7466363906860352,OK,N/A (no anomaly found on visual review),
godan,assets/art/runtime/godan/p1/cmd_01/f3.png,cmd_01,F3,448,448,448,448,224,450.973,-224,-450.973,0.5,448,449,451,223.5,1,0.25,0.6840875744819641,OK,N/A (no anomaly found on visual review),
godan,assets/art/runtime/godan/p1/cmd_01/f4.png,cmd_01,F4,344,439,380,440,175,495.443,-175,-495.443,0.5,381,442,443,193.0,2,0.9021739130434783,0.7942118644714355,OK,N/A (no anomaly found on visual review),
godan,assets/art/runtime/godan/p1/cmd_02/f1.png,cmd_02,F1,333,468,333,468,169.5,474,-169.5,-474,0.5,334,469,471,169.5,1,0.8369565217391304,0.8222761154174805,OK,N/A (no anomaly found on visual review),
godan,assets/art/runtime/godan/p1/cmd_02/f2.png,cmd_02,F2,422,438,422,438,211,446.018,-211,-446.018,0.5,422,439,441,210.5,1,0.9347826086956521,0.7937784194946289,OK,N/A (no anomaly found on visual review),
godan,assets/art/runtime/godan/p1/cmd_02/f3.png,cmd_02,F3,422,457,422,457,211,459.974,-211,-459.974,0.5,422,458,460,210.5,1,1.2282608695652173,0.7732762098312378,OK,N/A (no anomaly found on visual review),
godan,assets/art/runtime/godan/p1/cmd_02/f4.png,cmd_02,F4,336,455,367,455,202,461,-202,-461,0.5,368,457,458,186.5,2,0.8369565217391304,0.8220754861831665,OK,N/A (no anomaly found on visual review),
godan,assets/art/runtime/godan/p1/cmd_03/f1.png,cmd_03,F1,323,466,323,466,164.5,468.974,-164.5,-468.974,0.5,324,467,469,164.5,1,0.8369565217391304,0.814995527267456,OK,N/A (no anomaly found on visual review),
godan,assets/art/runtime/godan/p1/cmd_03/f2.png,cmd_03,F2,388,447,388,447,194,454.009,-194,-454.009,0.5,388,449,450,193.5,2,0.8695652173913043,0.8159534931182861,OK,N/A (no anomaly found on visual review),
godan,assets/art/runtime/godan/p1/cmd_03/f3.png,cmd_03,F3,382,427,382,427,191,429.972,-191,-429.972,0.5,383,428,429,191.0,1,1.4239130434782608,0.7457631230354309,OK,N/A (no anomaly found on visual review),
godan,assets/art/runtime/godan/p1/cmd_03/f4.png,cmd_03,F4,339,464,339,464,172.5,466.974,-172.5,-466.974,0.5,340,465,467,172.5,1,0.7717391304347826,0.8458786010742188,OK,N/A (no anomaly found on visual review),
godan,assets/art/runtime/godan/p1/cmd_04/f1.png,cmd_04,F1,337,468,425,468,171.5,470.974,-171.5,-470.974,0.5,426,469,471,215.5,1,0.8369565217391304,0.8092013001441956,OK,N/A (no anomaly found on visual review),
godan,assets/art/runtime/godan/p1/cmd_04/f2.png,cmd_04,F2,410,448,410,448,205,451.982,-205,-451.982,0.5,411,449,451,205.0,1,1.0652173913043477,0.696126401424408,OK,N/A (no anomaly found on visual review),
godan,assets/art/runtime/godan/p1/cmd_04/f3.png,cmd_04,F3,448,447,448,451,224,454.982,-224,-454.982,0.5,448,452,454,223.5,1,1.1630434782608696,0.79258131980896,OK,N/A (no anomaly found on visual review),
godan,assets/art/runtime/godan/p1/cmd_04/f4.png,cmd_04,F4,353,441,397,441,221.5,444.982,-221.5,-444.982,0.5,398,442,444,199.5,1,0.8369565217391304,0.836448609828949,OK,N/A (no anomaly found on visual review),
godan,assets/art/runtime/godan/p1/cmd_05/f1.png,cmd_05,F1,328,463,382,463,167,519.43,-167,-519.43,0.5,383,465,466,194.0,2,0.8369565217391304,0.8054067492485046,OK,N/A (no anomaly found on visual review),
godan,assets/art/runtime/godan/p1/cmd_05/f2.png,cmd_05,F2,378,529,434,529,189,577.396,-189,-577.396,0.5,435,530,532,217.0,1,1.1956521739130435,0.7660112977027893,OK,N/A (no anomaly found on visual review),
godan,assets/art/runtime/godan/p1/cmd_05/f3.png,cmd_05,F3,437,611,437,616,218.5,618.971,-218.5,-618.971,0.5,437,617,619,218.0,1,1.0652173913043477,0.8422510623931885,OK,N/A (no anomaly found on visual review),
godan,assets/art/runtime/godan/p1/cmd_05/f4.png,cmd_05,F4,353,405,422,437,213.5,457.128,-213.5,-457.128,0.5,423,438,440,212.0,1,1.1956521739130435,0.7187799215316772,OK,N/A (no anomaly found on visual review),
godan,assets/art/runtime/godan/p1/cmd_06/f1.png,cmd_06,F1,333,460,390,460,169.5,476.087,-169.5,-476.087,0.5,391,462,463,198.0,2,0.31521739130434784,0.8001963496208191,OK,N/A (no anomaly found on visual review),
godan,assets/art/runtime/godan/p1/cmd_06/f2.png,cmd_06,F2,402,369,402,369,201,384.097,-201,-384.097,0.5,403,370,372,201.0,1,0.25,0.7503659725189209,OK,N/A (no anomaly found on visual review),
godan,assets/art/runtime/godan/p1/cmd_06/f3.png,cmd_06,F3,448,345,448,346,224,347.966,-224,-347.966,0.5,448,347,349,223.5,1,1.5869565217391304,0.6675444841384888,OK,N/A (no anomaly found on visual review),
godan,assets/art/runtime/godan/p1/cmd_06/f4.png,cmd_06,F4,355,409,412,410,235.5,422.058,-235.5,-422.058,0.5,413,411,413,207.0,1,0.7717391304347826,0.748706042766571,OK,N/A (no anomaly found on visual review),
godan,assets/art/runtime/godan/p1/cmd_07/f1.png,cmd_07,F1,320,452,390,452,163,467.079,-163,-467.079,0.5,391,454,455,198.0,2,0.8369565217391304,0.7927054166793823,OK,N/A (no anomaly found on visual review),
godan,assets/art/runtime/godan/p1/cmd_07/f2.png,cmd_07,F2,385,413,385,413,192.5,429.096,-192.5,-429.096,0.5,386,414,416,192.5,1,0.9347826086956521,0.7148768901824951,OK,N/A (no anomaly found on visual review),
godan,assets/art/runtime/godan/p1/cmd_07/f3.png,cmd_07,F3,422,410,422,413,211,412.942,-211,-412.942,0.5,422,414,416,210.5,1,1.2282608695652173,0.7698176503181458,OK,N/A (no anomaly found on visual review),
godan,assets/art/runtime/godan/p1/cmd_07/f4.png,cmd_07,F4,334,423,404,426,220,438.056,-220,-438.056,0.5,405,427,429,203.0,1,0.8369565217391304,0.8133338689804077,OK,N/A (no anomaly found on visual review),
godan,assets/art/runtime/godan/p1/grab/f1.png,grab,F1,323,458,323,458,164.5,468.035,-164.5,-468.035,0.5,324,459,461,164.5,1,0.8369565217391304,0.8386439085006714,OK,N/A (no anomaly found on visual review),
godan,assets/art/runtime/godan/p1/grab/f2.png,grab,F2,422,445,422,445,211,455.036,-211,-455.036,0.5,422,446,448,210.5,1,0.9021739130434783,0.832686185836792,OK,N/A (no anomaly found on visual review),
godan,assets/art/runtime/godan/p1/grab/f3.png,grab,F3,337,455,337,455,171.5,457.974,-171.5,-457.974,0.5,337,456,458,171.0,1,0.7717391304347826,0.809756338596344,OK,N/A (no anomaly found on visual review),
godan,assets/art/runtime/godan/p1/grab/f4.png,grab,F4,323,455,323,455,164.5,464.026,-164.5,-464.026,0.5,324,456,458,164.5,1,0.8369565217391304,0.8324649930000305,OK,N/A (no anomaly found on visual review),
godan,assets/art/runtime/godan/p1/high/f1.png,high,F1,369,514,369,514,187.5,518.99,-187.5,-518.99,0.5,370,515,516,187.5,1,0.3804347826086957,0.8193750381469727,OK,N/A (no anomaly found on visual review),
godan,assets/art/runtime/godan/p1/high/f2.png,high,F2,366,462,366,462,186,468,-186,-468,0.5,367,464,465,186.0,2,0.5760869565217391,0.7283810973167419,OK,N/A (no anomaly found on visual review),
godan,assets/art/runtime/godan/p1/high/f3.png,high,F3,448,433,448,433,224,440.009,-224,-440.009,0.5,448,434,436,223.5,1,0.9021739130434783,0.7729523777961731,OK,N/A (no anomaly found on visual review),
godan,assets/art/runtime/godan/p1/high/f4.png,high,F4,375,448,375,448,190.5,450.973,-190.5,-450.973,0.5,376,450,451,190.5,2,0.8369565217391304,0.8327300548553467,OK,N/A (no anomaly found on visual review),
godan,assets/art/runtime/godan/p1/low/f1.png,low,F1,353,321,353,321,179.5,323.972,-179.5,-323.972,0.5,354,322,324,179.5,1,1.2282608695652173,0.7486013174057007,OK,N/A (no anomaly found on visual review),
godan,assets/art/runtime/godan/p1/low/f2.png,low,F2,346,276,346,276,176,280.989,-176,-280.989,0.5,347,277,279,175.0,1,0.4782608695652174,0.6495732665061951,OK,N/A (no anomaly found on visual review),
godan,assets/art/runtime/godan/p1/low/f3.png,low,F3,364,256,364,256,185,259.985,-185,-259.985,0.5,364,257,259,184.5,1,0.41304347826086957,0.6837192177772522,OK,N/A (no anomaly found on visual review),
godan,assets/art/runtime/godan/p1/low/f4.png,low,F4,279,334,321,334,184.5,338.991,-184.5,-338.991,0.5,322,335,337,163.5,1,0.9021739130434783,0.7575080990791321,OK,N/A (no anomaly found on visual review),
godan,assets/art/runtime/godan/p1/mid/f1.png,mid,F1,368,447,368,447,187,449.973,-187,-449.973,0.5,369,449,450,187.0,2,1.391304347826087,0.7794830799102783,OK,N/A (no anomaly found on visual review),
godan,assets/art/runtime/godan/p1/mid/f2.png,mid,F2,387,432,387,432,193.5,436.991,-193.5,-436.991,0.5,388,433,435,193.5,1,0.8369565217391304,0.7177784442901611,OK,N/A (no anomaly found on visual review),
godan,assets/art/runtime/godan/p1/mid/f3.png,mid,F3,422,425,422,425,211,429.991,-211,-429.991,0.5,422,426,428,210.5,1,1.0326086956521738,0.771182119846344,OK,N/A (no anomaly found on visual review),
godan,assets/art/runtime/godan/p1/mid/f4.png,mid,F4,365,450,365,450,185.5,453.982,-185.5,-453.982,0.5,366,452,453,185.5,2,0.7717391304347826,0.8441911339759827,OK,N/A (no anomaly found on visual review),
godan,assets/art/runtime/godan/p1/mikiri/f1.png,mikiri,F1,345,464,345,464,175.5,466.974,-175.5,-466.974,0.5,346,465,467,175.5,1,0.967391304347826,0.7968953251838684,OK,N/A (no anomaly found on visual review),
godan,assets/art/runtime/godan/p1/mikiri/f2.png,mikiri,F2,361,395,361,395,183.5,401,-183.5,-401,0.5,363,396,398,183.0,1,1.1304347826086958,0.7746979594230652,OK,N/A (no anomaly found on visual review),
godan,assets/art/runtime/godan/p1/mikiri/f3.png,mikiri,F3,348,434,348,434,177,436.972,-177,-436.972,0.5,348,435,437,176.5,1,0.7391304347826086,0.7110750675201416,OK,N/A (no anomaly found on visual review),
godan,assets/art/runtime/godan/p1/mikiri/f4.png,mikiri,F4,336,441,336,441,171,443.973,-171,-443.973,0.5,337,442,444,171.0,1,0.9021739130434783,0.8189992904663086,OK,N/A (no anomaly found on visual review),
godan,assets/art/runtime/godan/p1/roar/f1.png,roar,F1,364,522,364,522,185,525.981,-185,-525.981,0.5,365,524,525,185.0,2,0.7717391304347826,0.8797957301139832,OK,N/A (no anomaly found on visual review),
godan,assets/art/runtime/godan/p1/roar/f2.png,roar,F2,375,539,375,539,187.5,542.981,-187.5,-542.981,0.5,376,541,542,187.5,2,0.9021739130434783,0.7626380324363708,OK,N/A (no anomaly found on visual review),
godan,assets/art/runtime/godan/p1/roar/f3.png,roar,F3,407,548,407,548,203.5,550.973,-203.5,-550.973,0.5,408,549,551,203.5,1,0.8369565217391304,0.7891037464141846,OK,N/A (no anomaly found on visual review),
godan,assets/art/runtime/godan/p1/roar/f4.png,roar,F4,365,523,406,523,182.5,526.981,-182.5,-526.981,0.5,407,524,526,203.0,1,0.9021739130434783,0.8480589389801025,OK,N/A (no anomaly found on visual review),
hakuma,assets/art/runtime/hakuma/p1/legacy_crouch/crouch.png,pose:crouch,crouch,352,246,352,246,178,247.951,-178,-247.951,0.5,352,247,247,177.5,1,0.25,0.5933564901351929,OK,N/A (no anomaly found on visual review),
hakuma,assets/art/runtime/hakuma/p1/legacy_crouch_atk/crouch_atk.png,pose:crouch_atk,crouch_atk,406,242,406,242,203,243.95,-203,-243.95,0.5,406,242,243,202.5,0,0.25,0.6233261823654175,OK,N/A (no anomaly found on visual review),
hakuma,assets/art/runtime/hakuma/p1/downset/down.png,pose:down,down,376,140,376,140,190,167.314,-190,-167.314,0.5,379,140,141,189.0,0,0.25,0.5852639079093933,OK,N/A (no anomaly found on visual review),
hakuma,assets/art/runtime/hakuma/p1/common_basic/flinch.png,pose:flinch,flinch,342,340,342,348,173,382.817,-173,-382.817,0.5,343,348,349,172.0,0,0.2826086956521739,0.6794654726982117,OK,N/A (no anomaly found on visual review),
hakuma,assets/art/runtime/hakuma/p1/downset/getup.png,pose:getup,getup,338,217,338,217,171,233.316,-171,-233.316,0.5,339,217,218,170.0,0,0.25,0.6314653754234314,OK,N/A (no anomaly found on visual review),
hakuma,assets/art/runtime/hakuma/p1/legacy_grabbed/grabbed.png,pose:grabbed,grabbed,269,311,269,311,136.5,310.95,-136.5,-310.95,0.5,269,312,311,136.0,1,0.25,0.6463408470153809,OK,N/A (no anomaly found on visual review),
hakuma,assets/art/runtime/hakuma/p1/common_basic/guard.png,pose:guard,guard,301,335,301,335,152.5,340.367,-152.5,-340.367,0.5,301,337,337,152.0,2,0.3804347826086957,0.6729201078414917,OK,N/A (no anomaly found on visual review),
hakuma,assets/art/runtime/hakuma/p1/common_basic/idle.png,pose:idle,idle,298,361,298,361,151,362.949,-151,-362.949,0.5,300,361,362,150.5,0,0.2826086956521739,0.6363421082496643,OK,N/A (no anomaly found on visual review),
hakuma,assets/art/runtime/hakuma/p1/downset/ko.png,pose:ko,ko,411,155,411,155,207.5,182.202,-207.5,-182.202,0.5,411,156,156,207.0,1,0.3804347826086957,0.6400202512741089,OK,N/A (no anomaly found on visual review),
hakuma,assets/art/runtime/hakuma/p1/legacy_lunge/lunge.png,pose:lunge,lunge,361,301,361,301,182.5,302.948,-182.5,-302.948,0.5,363,301,302,182.0,0,0.25,0.6590468883514404,OK,N/A (no anomaly found on visual review),
hakuma,assets/art/runtime/hakuma/p1/legacy_sway/sway.png,pose:sway,sway,284,348,284,348,144,349.946,-144,-349.946,0.5,286,348,349,143.5,0,0.25,0.6846485733985901,OK,N/A (no anomaly found on visual review),
hakuma,assets/art/runtime/hakuma/p1/downset/ult_charge.png,pose:ult_charge,ult_charge,336,263,336,263,170,264.951,-170,-264.951,0.5,336,265,265,169.5,2,0.31521739130434784,0.5753702521324158,OK,N/A (no anomaly found on visual review),
hakuma,assets/art/runtime/hakuma/p1/common_basic/victory.png,pose:victory,victory,313,357,313,357,158.5,382.25,-158.5,-382.25,0.5,315,357,356,158.0,0,0.25,0.5555447936058044,OK,N/A (no anomaly found on visual review),
hakuma,assets/art/runtime/hakuma/p1/cmd_01/f1.png,cmd_01,F1,246,283,246,283,125,289.733,-125,-289.733,0.5,246,284,284,124.5,1,0.34782608695652173,0.6096485257148743,OK,N/A (no anomaly found on visual review),
hakuma,assets/art/runtime/hakuma/p1/cmd_01/f2.png,cmd_01,F2,302,270,302,270,152,274.683,-152,-274.683,0.5,303,272,272,151.0,2,0.2826086956521739,0.6039310097694397,OK,N/A (no anomaly found on visual review),
hakuma,assets/art/runtime/hakuma/p1/cmd_01/f3.png,cmd_01,F3,290,268,302,332,145,337.369,-145,-337.369,0.5,303,333,334,151.0,1,0.7065217391304348,0.8801593780517578,OK,N/A (no anomaly found on visual review),
hakuma,assets/art/runtime/hakuma/p1/cmd_01/f4.png,cmd_01,F4,228,285,258,314,145,315.948,-145,-315.948,0.5,260,315,315,129.5,1,0.7065217391304348,0.9230013489723206,OK,N/A (no anomaly found on visual review),
hakuma,assets/art/runtime/hakuma/p1/cmd_02/f1.png,cmd_02,F1,244,312,244,312,124,316,-124,-316,0.5,244,313,313,123.5,1,0.34782608695652173,0.6344313025474548,OK,N/A (no anomaly found on visual review),
hakuma,assets/art/runtime/hakuma/p1/cmd_02/f2.png,cmd_02,F2,286,259,286,259,143,262.315,-143,-262.315,0.5,286,259,260,142.5,0,0.2826086956521739,0.6292360424995422,OK,N/A (no anomaly found on visual review),
hakuma,assets/art/runtime/hakuma/p1/cmd_02/f3.png,cmd_02,F3,254,321,285,393,127,393.578,-127,-393.578,0.5,286,394,395,142.5,1,0.6739130434782609,0.8741938471794128,OK,N/A (no anomaly found on visual review),
hakuma,assets/art/runtime/hakuma/p1/cmd_02/f4.png,cmd_02,F4,223,261,256,315,145.5,316.951,-145.5,-316.951,0.5,257,316,316,128.0,1,0.6739130434782609,0.8797788023948669,OK,N/A (no anomaly found on visual review),
hakuma,assets/art/runtime/hakuma/p1/cmd_03/f1.png,cmd_03,F1,220,292,220,292,112,296,-112,-296,0.5,221,292,293,111.0,0,0.31521739130434784,0.6380151510238647,OK,N/A (no anomaly found on visual review),
hakuma,assets/art/runtime/hakuma/p1/cmd_03/f2.png,cmd_03,F2,286,266,286,266,143,267.949,-143,-267.949,0.5,286,268,268,142.5,2,0.25,0.7142913937568665,OK,N/A (no anomaly found on visual review),
hakuma,assets/art/runtime/hakuma/p1/cmd_03/f3.png,cmd_03,F3,250,284,250,284,127,285.948,-127,-285.948,0.5,251,284,285,126.0,0,0.25,0.6234145760536194,OK,N/A (no anomaly found on visual review),
hakuma,assets/art/runtime/hakuma/p1/cmd_03/f4.png,cmd_03,F4,214,291,249,291,144,295.684,-144,-295.684,0.5,251,291,292,126.0,0,0.25,0.648033618927002,OK,N/A (no anomaly found on visual review),
hakuma,assets/art/runtime/hakuma/p1/cmd_04/f1.png,cmd_04,F1,225,296,225,296,114.5,302.74,-114.5,-302.74,0.5,227,296,297,114.0,0,0.34782608695652173,0.6211785078048706,OK,N/A (no anomaly found on visual review),
hakuma,assets/art/runtime/hakuma/p1/cmd_04/f2.png,cmd_04,F2,247,238,247,238,123.5,245.418,-123.5,-245.418,0.5,247,239,239,123.0,1,0.25,0.6298044323921204,OK,N/A (no anomaly found on visual review),
hakuma,assets/art/runtime/hakuma/p1/cmd_04/f3.png,cmd_04,F3,286,162,286,172,143,173.271,-143,-173.271,0.5,286,173,173,142.5,1,0.34782608695652173,0.56828373670578,OK,N/A (no anomaly found on visual review),
hakuma,assets/art/runtime/hakuma/p1/cmd_04/f4.png,cmd_04,F4,213,227,256,227,150.5,228.944,-150.5,-228.944,0.5,256,227,228,128.5,0,0.25,0.6245682239532471,OK,N/A (no anomaly found on visual review),
hakuma,assets/art/runtime/hakuma/p1/cmd_05/f1.png,cmd_05,F1,238,303,238,303,121,306.316,-121,-306.316,0.5,238,303,304,120.5,0,0.34782608695652173,0.635349690914154,OK,N/A (no anomaly found on visual review),
hakuma,assets/art/runtime/hakuma/p1/cmd_05/f2.png,cmd_05,F2,286,259,286,259,143,263.683,-143,-263.683,0.5,286,261,261,142.5,2,0.2826086956521739,0.6413477063179016,OK,N/A (no anomaly found on visual review),
hakuma,assets/art/runtime/hakuma/p1/cmd_05/f3.png,cmd_05,F3,286,244,286,244,143,247.317,-143,-247.317,0.5,286,246,246,142.5,2,0.25,0.6349682807922363,OK,N/A (no anomaly found on visual review),
hakuma,assets/art/runtime/hakuma/p1/cmd_05/f4.png,cmd_05,F4,218,278,277,286,169,287.948,-169,-287.948,0.5,277,288,288,139.0,2,0.5108695652173914,0.6669250726699829,OK,N/A (no anomaly found on visual review),
hakuma,assets/art/runtime/hakuma/p1/cmd_06/f1.png,cmd_06,F1,219,292,219,292,111.5,295.316,-111.5,-295.316,0.5,219,293,293,111.0,1,0.31521739130434784,0.630423367023468,OK,N/A (no anomaly found on visual review),
hakuma,assets/art/runtime/hakuma/p1/cmd_06/f2.png,cmd_06,F2,286,246,286,246,143,249.317,-143,-249.317,0.5,286,248,248,142.5,2,0.2826086956521739,0.6321344971656799,OK,N/A (no anomaly found on visual review),
hakuma,assets/art/runtime/hakuma/p1/cmd_06/f3.png,cmd_06,F3,286,279,286,363,143,364.95,-143,-364.95,0.5,286,365,365,142.5,2,0.6413043478260869,0.8672351241111755,OK,N/A (no anomaly found on visual review),
hakuma,assets/art/runtime/hakuma/p1/cmd_06/f4.png,cmd_06,F4,209,267,244,343,140.5,344.947,-140.5,-344.947,0.5,245,343,344,122.0,0,0.6413043478260869,0.9371110200881958,OK,N/A (no anomaly found on visual review),
hakuma,assets/art/runtime/hakuma/p1/cmd_07/f1.png,cmd_07,F1,194,269,237,269,99,270.947,-99,-270.947,0.5,238,269,270,119.5,0,0.2826086956521739,0.6482495069503784,OK,N/A (no anomaly found on visual review),
hakuma,assets/art/runtime/hakuma/p1/cmd_07/f2.png,cmd_07,F2,210,229,285,234,105,242.787,-105,-242.787,0.5,286,236,236,142.5,2,0.25,0.6042404174804688,OK,N/A (no anomaly found on visual review),
hakuma,assets/art/runtime/hakuma/p1/cmd_07/f3.png,cmd_07,F3,286,197,286,203,143,209.733,-143,-209.733,0.5,286,205,205,142.5,2,0.25,0.6135669946670532,OK,N/A (no anomaly found on visual review),
hakuma,assets/art/runtime/hakuma/p1/cmd_07/f4.png,cmd_07,F4,196,251,262,251,165,255.684,-165,-255.684,0.5,263,253,253,131.0,2,0.2826086956521739,0.6460428833961487,OK,N/A (no anomaly found on visual review),
hakuma,assets/art/runtime/hakuma/p1/grab/f1.png,grab,F1,227,298,227,298,115.5,307.478,-115.5,-307.478,0.5,229,298,299,115.0,0,0.31521739130434784,0.6408066153526306,OK,N/A (no anomaly found on visual review),
hakuma,assets/art/runtime/hakuma/p1/grab/f2.png,grab,F2,286,289,286,289,143,295.732,-143,-295.732,0.5,286,290,290,142.5,1,0.31521739130434784,0.6414685249328613,OK,N/A (no anomaly found on visual review),
hakuma,assets/art/runtime/hakuma/p1/grab/f3.png,grab,F3,242,306,242,306,123,307.947,-123,-307.947,0.5,242,308,308,122.5,2,0.3804347826086957,0.6208010911941528,OK,N/A (no anomaly found on visual review),
hakuma,assets/art/runtime/hakuma/p1/grab/f4.png,grab,F4,227,298,227,298,115.5,307.466,-115.5,-307.466,0.5,227,298,299,115.0,0,0.31521739130434784,0.6398361325263977,OK,N/A (no anomaly found on visual review),
hakuma,assets/art/runtime/hakuma/p1/high/f1.png,high,F1,261,353,261,353,132.5,358.368,-132.5,-358.368,0.5,263,353,354,132.0,0,0.25,0.6482521891593933,OK,N/A (no anomaly found on visual review),
hakuma,assets/art/runtime/hakuma/p1/high/f2.png,high,F2,235,352,235,352,119.5,357.367,-119.5,-357.367,0.5,235,353,353,119.0,1,0.5434782608695652,0.7126089930534363,OK,N/A (no anomaly found on visual review),
hakuma,assets/art/runtime/hakuma/p1/high/f3.png,high,F3,276,349,276,349,138,350.948,-138,-350.948,0.5,277,349,350,138.0,0,0.7065217391304348,0.7449151873588562,OK,N/A (no anomaly found on visual review),
hakuma,assets/art/runtime/hakuma/p1/high/f4.png,high,F4,263,309,263,309,131.5,313.683,-131.5,-313.683,0.5,264,309,310,131.5,0,0.34782608695652173,0.6613997220993042,OK,N/A (no anomaly found on visual review),
hakuma,assets/art/runtime/hakuma/p1/low/f1.png,low,F1,283,221,283,221,143.5,227.052,-143.5,-227.052,0.5,285,221,222,143.0,0,0.25,0.7025255560874939,OK,N/A (no anomaly found on visual review),
hakuma,assets/art/runtime/hakuma/p1/low/f2.png,low,F2,275,214,275,214,137.5,218,-137.5,-218,0.5,275,216,216,137.0,2,0.25,0.609514594078064,OK,N/A (no anomaly found on visual review),
hakuma,assets/art/runtime/hakuma/p1/low/f3.png,low,F3,322,190,322,190,161,191.951,-161,-191.951,0.5,322,191,191,160.5,1,0.25,0.6231217980384827,OK,N/A (no anomaly found on visual review),
hakuma,assets/art/runtime/hakuma/p1/low/f4.png,low,F4,241,220,241,220,122.5,223.317,-122.5,-223.317,0.5,241,222,222,122.0,2,0.25,0.5812711715698242,OK,N/A (no anomaly found on visual review),
hakuma,assets/art/runtime/hakuma/p1/mid/f1.png,mid,F1,265,312,265,312,134.5,317.368,-134.5,-317.368,0.5,265,314,314,134.0,2,0.2826086956521739,0.5759417414665222,OK,N/A (no anomaly found on visual review),
hakuma,assets/art/runtime/hakuma/p1/mid/f2.png,mid,F2,279,298,279,298,141.5,300.633,-141.5,-300.633,0.5,279,299,299,141.0,1,0.2826086956521739,0.7225801348686218,OK,N/A (no anomaly found on visual review),
hakuma,assets/art/runtime/hakuma/p1/mid/f3.png,mid,F3,315,302,315,302,159.5,303.946,-159.5,-303.946,0.5,315,302,303,159.0,0,0.2826086956521739,0.6527397632598877,OK,N/A (no anomaly found on visual review),
hakuma,assets/art/runtime/hakuma/p1/mid/f4.png,mid,F4,272,310,272,310,138,314,-138,-314,0.5,272,312,312,137.5,2,0.25,0.62625652551651,OK,N/A (no anomaly found on visual review),
hakuma,assets/art/runtime/hakuma/p1/mikiri/f1.png,mikiri,F1,252,304,252,304,128,308,-128,-308,0.5,252,304,305,127.5,0,0.34782608695652173,0.6221823692321777,OK,N/A (no anomaly found on visual review),
hakuma,assets/art/runtime/hakuma/p1/mikiri/f2.png,mikiri,F2,264,279,264,279,134,282.315,-134,-282.315,0.5,265,279,280,133.0,0,0.25,0.6131670475006104,OK,N/A (no anomaly found on visual review),
hakuma,assets/art/runtime/hakuma/p1/mikiri/f3.png,mikiri,F3,306,280,306,280,153,281.947,-153,-281.947,0.5,306,280,281,152.5,0,0.31521739130434784,0.624985933303833,OK,N/A (no anomaly found on visual review),
hakuma,assets/art/runtime/hakuma/p1/mikiri/f4.png,mikiri,F4,246,297,262,297,141,300.316,-141,-300.316,0.5,264,297,298,132.5,0,0.2826086956521739,0.6306876540184021,OK,N/A (no anomaly found on visual review),
hakuma,assets/art/runtime/hakuma/p1/roar/f1.png,roar,F1,268,335,268,335,136,343.101,-136,-343.101,0.5,268,336,336,135.5,1,0.25,0.6360263824462891,OK,N/A (no anomaly found on visual review),
hakuma,assets/art/runtime/hakuma/p1/roar/f2.png,roar,F2,257,344,257,344,128.5,350.055,-128.5,-350.055,0.5,257,344,345,128.0,0,0.3804347826086957,0.6360942125320435,OK,N/A (no anomaly found on visual review),
hakuma,assets/art/runtime/hakuma/p1/roar/f3.png,roar,F3,296,370,296,370,148,371.945,-148,-371.945,0.5,296,370,371,147.5,0,0.25,0.633550226688385,OK,N/A (no anomaly found on visual review),
hakuma,assets/art/runtime/hakuma/p1/roar/f4.png,roar,F4,253,328,253,328,126.5,334.733,-126.5,-334.733,0.5,253,330,330,126.0,2,0.3804347826086957,0.6378538012504578,OK,N/A (no anomaly found on visual review),
moguzo,assets/art/runtime/moguzo/p1/legacy_crouch/crouch.png,pose:crouch,crouch,261,212,261,212,132.5,214.154,-132.5,-214.154,0.5,263,214,214,132.0,2,0.25,0.6223595142364502,OK,N/A (no anomaly found on visual review),
moguzo,assets/art/runtime/moguzo/p1/legacy_crouch_atk/crouch_atk.png,pose:crouch_atk,crouch_atk,306,217,306,217,155,219.148,-155,-219.148,0.5,307,219,219,154.0,2,0.25,0.6662265062332153,OK,N/A (no anomaly found on visual review),
moguzo,assets/art/runtime/moguzo/p1/downset/down.png,pose:down,down,344,119,344,119,174,132.271,-174,-132.271,0.5,345,121,121,173.0,2,0.44565217391304346,0.7085109353065491,OK,N/A (no anomaly found on visual review),
moguzo,assets/art/runtime/moguzo/p1/common_basic/flinch.png,pose:flinch,flinch,305,313,305,313,154.5,359.472,-154.5,-359.472,0.5,307,315,315,154.0,2,0.2826086956521739,0.6916952133178711,OK,N/A (no anomaly found on visual review),
moguzo,assets/art/runtime/moguzo/p1/downset/getup.png,pose:getup,getup,309,222,327,222,156.5,224.148,-156.5,-224.148,0.5,328,224,224,164.5,2,0.2826086956521739,0.741611659526825,OK,N/A (no anomaly found on visual review),
moguzo,assets/art/runtime/moguzo/p1/legacy_grabbed/grabbed.png,pose:grabbed,grabbed,211,242,211,242,107.5,242.152,-107.5,-242.152,0.5,213,242,241,107.0,0,0.25,0.6540881991386414,OK,N/A (no anomaly found on visual review),
moguzo,assets/art/runtime/moguzo/p1/common_basic/guard.png,pose:guard,guard,263,336,263,336,133.5,341.234,-133.5,-341.234,0.5,265,338,338,133.0,2,0.2826086956521739,0.688230037689209,OK,N/A (no anomaly found on visual review),
moguzo,assets/art/runtime/moguzo/p1/common_basic/idle.png,pose:idle,idle,259,344,259,344,131.5,346.149,-131.5,-346.149,0.5,261,346,346,131.0,2,0.25,0.6290093660354614,OK,N/A (no anomaly found on visual review),
moguzo,assets/art/runtime/moguzo/p1/downset/ko.png,pose:ko,ko,349,118,349,118,176.5,163.899,-176.5,-163.899,0.5,351,120,120,176.0,2,0.25,0.741395115852356,OK,N/A (no anomaly found on visual review),
moguzo,assets/art/runtime/moguzo/p1/legacy_lunge/lunge.png,pose:lunge,lunge,299,259,299,259,151.5,261.152,-151.5,-261.152,0.5,301,260,260,151.0,1,0.25,0.6237005591392517,OK,N/A (no anomaly found on visual review),
moguzo,assets/art/runtime/moguzo/p1/legacy_sway/sway.png,pose:sway,sway,243,290,243,290,123.5,292.151,-123.5,-292.151,0.5,245,292,292,123.0,2,0.25,0.6911635994911194,OK,N/A (no anomaly found on visual review),
moguzo,assets/art/runtime/moguzo/p1/downset/ult_charge.png,pose:ult_charge,ult_charge,261,252,261,252,132.5,279.441,-132.5,-279.441,0.5,263,254,254,132.0,2,0.25,0.7189942598342896,OK,N/A (no anomaly found on visual review),
moguzo,assets/art/runtime/moguzo/p1/common_basic/victory.png,pose:victory,victory,231,319,231,319,117.5,363.067,-117.5,-363.067,0.5,233,321,321,117.0,2,0.5108695652173914,0.731995701789856,OK,N/A (no anomaly found on visual review),
moguzo,assets/art/runtime/moguzo/p1/cmd_01/f1.png,cmd_01,F1,186,237,241,237,95,241,-95,-241,0.5,243,239,239,122.0,2,0.2826086956521739,0.6492505669593811,OK,N/A (no anomaly found on visual review),
moguzo,assets/art/runtime/moguzo/p1/cmd_01/f2.png,cmd_01,F2,237,193,237,193,118.5,198.847,-118.5,-198.847,0.5,238,194,194,118.5,1,0.25,0.6489452123641968,OK,N/A (no anomaly found on visual review),
moguzo,assets/art/runtime/moguzo/p1/cmd_01/f3.png,cmd_01,F3,257,205,257,205,129.5,209.617,-129.5,-209.617,0.5,258,207,207,128.5,2,0.25,0.6756592988967896,OK,N/A (no anomaly found on visual review),
moguzo,assets/art/runtime/moguzo/p1/cmd_01/f4.png,cmd_01,F4,185,221,185,221,94.5,223.151,-94.5,-223.151,0.5,187,223,223,94.0,2,0.25,0.6640930771827698,OK,N/A (no anomaly found on visual review),
moguzo,assets/art/runtime/moguzo/p1/cmd_02/f1.png,cmd_02,F1,191,254,191,254,97.5,258,-97.5,-258,0.5,193,256,256,97.0,2,0.2826086956521739,0.6730334758758545,OK,N/A (no anomaly found on visual review),
moguzo,assets/art/runtime/moguzo/p1/cmd_02/f2.png,cmd_02,F2,233,192,233,192,116.5,194.767,-116.5,-194.767,0.5,234,194,194,116.5,2,0.2826086956521739,0.641094446182251,OK,N/A (no anomaly found on visual review),
moguzo,assets/art/runtime/moguzo/p1/cmd_02/f3.png,cmd_02,F3,229,308,229,308,116.5,310.767,-116.5,-310.767,0.5,231,310,310,116.0,2,0.31521739130434784,0.6893340349197388,OK,N/A (no anomaly found on visual review),
moguzo,assets/art/runtime/moguzo/p1/cmd_02/f4.png,cmd_02,F4,211,256,211,256,107.5,258.152,-107.5,-258.152,0.5,213,258,258,107.0,2,0.31521739130434784,0.6660144329071045,OK,N/A (no anomaly found on visual review),
moguzo,assets/art/runtime/moguzo/p1/cmd_03/f1.png,cmd_03,F1,204,262,254,262,104,264.148,-104,-264.148,0.5,255,264,264,128.0,2,0.2826086956521739,0.668848991394043,OK,N/A (no anomaly found on visual review),
moguzo,assets/art/runtime/moguzo/p1/cmd_03/f2.png,cmd_03,F2,273,217,273,217,136.5,222.235,-136.5,-222.235,0.5,273,219,219,136.0,2,0.2826086956521739,0.6673526167869568,OK,N/A (no anomaly found on visual review),
moguzo,assets/art/runtime/moguzo/p1/cmd_03/f3.png,cmd_03,F3,227,242,227,242,115.5,244.15,-115.5,-244.15,0.5,228,244,244,114.5,2,0.25,0.6120831966400146,OK,N/A (no anomaly found on visual review),
moguzo,assets/art/runtime/moguzo/p1/cmd_03/f4.png,cmd_03,F4,192,259,215,259,121,261.152,-121,-261.152,0.5,217,261,261,109.0,2,0.31521739130434784,0.6426570415496826,OK,N/A (no anomaly found on visual review),
moguzo,assets/art/runtime/moguzo/p1/cmd_04/f1.png,cmd_04,F1,185,246,245,246,94.5,263.58,-94.5,-263.58,0.5,247,248,248,124.0,2,0.2826086956521739,0.6495802998542786,OK,N/A (no anomaly found on visual review),
moguzo,assets/art/runtime/moguzo/p1/cmd_04/f2.png,cmd_04,F2,213,188,213,188,106.5,208.051,-106.5,-208.051,0.5,214,190,190,106.5,2,0.25,0.7339872717857361,OK,N/A (no anomaly found on visual review),
moguzo,assets/art/runtime/moguzo/p1/cmd_04/f3.png,cmd_04,F3,258,183,258,183,129,185.155,-129,-185.155,0.5,258,184,184,128.5,1,0.34782608695652173,0.7530887722969055,OK,N/A (no anomaly found on visual review),
moguzo,assets/art/runtime/moguzo/p1/cmd_04/f4.png,cmd_04,F4,188,209,222,209,129,222.261,-129,-222.261,0.5,224,211,211,111.5,2,0.25,0.6759097576141357,OK,N/A (no anomaly found on visual review),
moguzo,assets/art/runtime/moguzo/p1/cmd_05/f1.png,cmd_05,F1,183,250,183,250,93.5,252.15,-93.5,-252.15,0.5,185,252,252,93.0,2,0.2826086956521739,0.6509862542152405,OK,N/A (no anomaly found on visual review),
moguzo,assets/art/runtime/moguzo/p1/cmd_05/f2.png,cmd_05,F2,238,220,238,220,119,227.692,-119,-227.692,0.5,239,221,221,119.0,1,0.25,0.7342268824577332,OK,N/A (no anomaly found on visual review),
moguzo,assets/art/runtime/moguzo/p1/cmd_05/f3.png,cmd_05,F3,232,268,241,302,118,306,-118,-306,0.5,242,304,304,121.5,2,0.2826086956521739,0.7576703429222107,OK,N/A (no anomaly found on visual review),
moguzo,assets/art/runtime/moguzo/p1/cmd_05/f4.png,cmd_05,F4,229,211,236,215,123.5,219.617,-123.5,-219.617,0.5,238,217,217,119.5,2,0.3804347826086957,0.7097553610801697,OK,N/A (no anomaly found on visual review),
moguzo,assets/art/runtime/moguzo/p1/cmd_06/f1.png,cmd_06,F1,209,288,209,288,106.5,290.148,-106.5,-290.148,0.5,211,290,290,106.0,2,0.34782608695652173,0.6466224789619446,OK,N/A (no anomaly found on visual review),
moguzo,assets/art/runtime/moguzo/p1/cmd_06/f2.png,cmd_06,F2,234,236,270,236,117,243.702,-117,-243.702,0.5,271,238,238,135.0,2,0.31521739130434784,0.6330122351646423,OK,N/A (no anomaly found on visual review),
moguzo,assets/art/runtime/moguzo/p1/cmd_06/f3.png,cmd_06,F3,289,232,295,232,144.5,240.313,-144.5,-240.313,0.5,296,234,234,147.5,2,0.25,0.5446140766143799,OK,N/A (no anomaly found on visual review),
moguzo,assets/art/runtime/moguzo/p1/cmd_06/f4.png,cmd_06,F4,279,233,279,233,139.5,238.231,-139.5,-238.231,0.5,280,235,235,139.5,2,0.31521739130434784,0.6164783239364624,OK,N/A (no anomaly found on visual review),
moguzo,assets/art/runtime/moguzo/p1/cmd_07/f1.png,cmd_07,F1,185,241,256,241,94.5,245,-94.5,-245,0.5,258,244,243,129.5,3,0.2826086956521739,0.6226919293403625,OK,N/A (no anomaly found on visual review),
moguzo,assets/art/runtime/moguzo/p1/cmd_07/f2.png,cmd_07,F2,214,202,259,208,107,217.547,-107,-217.547,0.5,260,210,210,129.5,2,0.2826086956521739,0.6305743455886841,OK,N/A (no anomaly found on visual review),
moguzo,assets/art/runtime/moguzo/p1/cmd_07/f3.png,cmd_07,F3,274,213,274,213,137,217,-137,-217,0.5,274,215,215,136.5,2,0.2826086956521739,0.5960837602615356,OK,N/A (no anomaly found on visual review),
moguzo,assets/art/runtime/moguzo/p1/cmd_07/f4.png,cmd_07,F4,254,223,254,223,127,225.154,-127,-225.154,0.5,255,225,225,127.0,2,0.2826086956521739,0.6304071545600891,OK,N/A (no anomaly found on visual review),
moguzo,assets/art/runtime/moguzo/p1/grab/f1.png,grab,F1,204,258,204,258,104,264.466,-104,-264.466,0.5,206,260,260,103.5,2,0.31521739130434784,0.6558355689048767,OK,N/A (no anomaly found on visual review),
moguzo,assets/art/runtime/moguzo/p1/grab/f2.png,grab,F2,273,247,273,247,136.5,253.467,-136.5,-253.467,0.5,273,249,249,136.0,2,0.31521739130434784,0.6602450013160706,OK,N/A (no anomaly found on visual review),
moguzo,assets/art/runtime/moguzo/p1/grab/f3.png,grab,F3,235,304,235,304,119.5,306.148,-119.5,-306.148,0.5,236,306,306,118.5,2,0.25,0.6365004181861877,OK,N/A (no anomaly found on visual review),
moguzo,assets/art/runtime/moguzo/p1/grab/f4.png,grab,F4,196,258,196,258,100,264.466,-100,-264.466,0.5,198,260,260,99.5,2,0.31521739130434784,0.6670533418655396,OK,N/A (no anomaly found on visual review),
moguzo,assets/art/runtime/moguzo/p1/high/f1.png,high,F1,238,291,238,291,121,294.383,-121,-294.383,0.5,240,293,293,120.5,2,0.25,0.697981595993042,OK,N/A (no anomaly found on visual review),
moguzo,assets/art/runtime/moguzo/p1/high/f2.png,high,F2,227,286,227,286,115.5,290,-115.5,-290,0.5,229,288,288,115.0,2,0.25,0.6169917583465576,OK,N/A (no anomaly found on visual review),
moguzo,assets/art/runtime/moguzo/p1/high/f3.png,high,F3,261,328,261,358,132.5,362,-132.5,-362,0.5,263,360,360,132.0,2,0.4782608695652174,0.7949832081794739,OK,N/A (no anomaly found on visual review),
moguzo,assets/art/runtime/moguzo/p1/high/f4.png,high,F4,225,289,238,334,127.5,336.153,-127.5,-336.153,0.5,240,336,336,120.5,2,0.6413043478260869,0.9015517830848694,OK,N/A (no anomaly found on visual review),
moguzo,assets/art/runtime/moguzo/p1/low/f1.png,low,F1,214,245,214,245,109,247.151,-109,-247.151,0.5,216,247,247,108.5,2,0.2826086956521739,0.6758567094802856,OK,N/A (no anomaly found on visual review),
moguzo,assets/art/runtime/moguzo/p1/low/f2.png,low,F2,225,194,225,194,112.5,197.383,-112.5,-197.383,0.5,226,196,196,112.5,2,0.25,0.6686307191848755,OK,N/A (no anomaly found on visual review),
moguzo,assets/art/runtime/moguzo/p1/low/f3.png,low,F3,274,191,274,191,137,195,-137,-195,0.5,274,193,193,136.5,2,0.25,0.6914819478988647,OK,N/A (no anomaly found on visual review),
moguzo,assets/art/runtime/moguzo/p1/low/f4.png,low,F4,201,211,222,211,123.5,213.768,-123.5,-213.768,0.5,224,213,213,112.5,2,0.25,0.6929724216461182,OK,N/A (no anomaly found on visual review),
moguzo,assets/art/runtime/moguzo/p1/mid/f1.png,mid,F1,217,261,217,261,110.5,263.151,-110.5,-263.151,0.5,219,263,263,110.0,2,0.31521739130434784,0.6542375683784485,OK,N/A (no anomaly found on visual review),
moguzo,assets/art/runtime/moguzo/p1/mid/f2.png,mid,F2,273,254,273,254,136.5,256.766,-136.5,-256.766,0.5,273,256,256,136.0,2,0.31521739130434784,0.6666097640991211,OK,N/A (no anomaly found on visual review),
moguzo,assets/art/runtime/moguzo/p1/mid/f3.png,mid,F3,274,256,274,256,137,259.382,-137,-259.382,0.5,274,258,258,136.5,2,0.34782608695652173,0.6247246265411377,OK,N/A (no anomaly found on visual review),
moguzo,assets/art/runtime/moguzo/p1/mid/f4.png,mid,F4,262,256,262,256,133,258.152,-133,-258.152,0.5,263,258,258,133.0,2,0.25,0.6448768973350525,OK,N/A (no anomaly found on visual review),
moguzo,assets/art/runtime/moguzo/p1/mikiri/f1.png,mikiri,F1,221,281,221,281,112.5,283.149,-112.5,-283.149,0.5,223,283,283,112.0,2,0.34782608695652173,0.6192817091941833,OK,N/A (no anomaly found on visual review),
moguzo,assets/art/runtime/moguzo/p1/mikiri/f2.png,mikiri,F2,242,236,242,236,123,240.617,-123,-240.617,0.5,244,238,238,122.5,2,0.25,0.6062065362930298,OK,N/A (no anomaly found on visual review),
moguzo,assets/art/runtime/moguzo/p1/mikiri/f3.png,mikiri,F3,274,240,274,240,137,245.848,-137,-245.848,0.5,274,242,242,136.5,2,0.25,0.6232120394706726,OK,N/A (no anomaly found on visual review),
moguzo,assets/art/runtime/moguzo/p1/mikiri/f4.png,mikiri,F4,221,278,221,278,112.5,282,-112.5,-282,0.5,223,280,280,112.0,2,0.34782608695652173,0.6373443007469177,OK,N/A (no anomaly found on visual review),
moguzo,assets/art/runtime/moguzo/p1/roar/f1.png,roar,F1,218,278,218,278,111,280.153,-111,-280.153,0.5,220,280,280,110.5,2,0.25,0.6104864478111267,OK,N/A (no anomaly found on visual review),
moguzo,assets/art/runtime/moguzo/p1/roar/f2.png,roar,F2,227,277,227,277,115.5,279.147,-115.5,-279.147,0.5,229,279,279,115.0,2,0.25,0.6451435089111328,OK,N/A (no anomaly found on visual review),
moguzo,assets/art/runtime/moguzo/p1/roar/f3.png,roar,F3,265,291,265,291,132.5,293.768,-132.5,-293.768,0.5,266,293,293,132.5,2,0.2826086956521739,0.6510310173034668,OK,N/A (no anomaly found on visual review),
moguzo,assets/art/runtime/moguzo/p1/roar/f4.png,roar,F4,212,274,212,274,108,276.767,-108,-276.767,0.5,214,276,276,107.5,2,0.31521739130434784,0.6676947474479675,OK,N/A (no anomaly found on visual review),
pisuke,assets/art/runtime/pisuke/p1/legacy_crouch/crouch.png,pose:crouch,crouch,298,229,298,229,151,230.956,-151,-230.956,0.5,298,231,231,150.5,2,0.25,0.5935613512992859,OK,N/A (no anomaly found on visual review),
pisuke,assets/art/runtime/pisuke/p1/legacy_crouch_atk/crouch_atk.png,pose:crouch_atk,crouch_atk,333,217,333,217,168.5,218.954,-168.5,-218.954,0.5,333,217,218,168.0,0,0.25,0.5934348106384277,OK,N/A (no anomaly found on visual review),
pisuke,assets/art/runtime/pisuke/p1/downset/down.png,pose:down,down,405,132,405,132,204.5,133.95,-204.5,-133.95,0.5,407,132,133,204.0,0,0.2826086956521739,0.5405368804931641,OK,N/A (no anomaly found on visual review),
pisuke,assets/art/runtime/pisuke/p1/common_basic/flinch.png,pose:flinch,flinch,283,334,283,334,143.5,389.212,-143.5,-389.212,0.5,283,336,336,143.0,2,0.25,0.5600579380989075,OK,N/A (no anomaly found on visual review),
pisuke,assets/art/runtime/pisuke/p1/downset/getup.png,pose:getup,getup,340,252,350,252,182,256.683,-182,-256.683,0.5,352,252,253,176.5,0,0.25,0.5996778011322021,OK,N/A (no anomaly found on visual review),
pisuke,assets/art/runtime/pisuke/p1/legacy_grabbed/grabbed.png,pose:grabbed,grabbed,262,277,262,277,133,278.949,-133,-278.949,0.5,262,277,278,132.5,0,0.31521739130434784,0.5242486000061035,OK,N/A (no anomaly found on visual review),
pisuke,assets/art/runtime/pisuke/p1/common_basic/guard.png,pose:guard,guard,262,347,262,347,133,355.78,-133,-355.78,0.5,264,347,348,132.5,0,0.2826086956521739,0.553068995475769,OK,N/A (no anomaly found on visual review),
pisuke,assets/art/runtime/pisuke/p1/common_basic/idle.png,pose:idle,idle,262,354,262,354,133,355.954,-133,-355.954,0.5,262,355,355,132.5,1,0.25,0.5826863646507263,OK,N/A (no anomaly found on visual review),
pisuke,assets/art/runtime/pisuke/p1/downset/ko.png,pose:ko,ko,377,131,377,131,190.5,171.136,-190.5,-171.136,0.5,377,133,133,190.0,2,0.4782608695652174,0.4993573725223541,OK,N/A (no anomaly found on visual review),
pisuke,assets/art/runtime/pisuke/p1/legacy_lunge/lunge.png,pose:lunge,lunge,315,288,315,288,159.5,289.948,-159.5,-289.948,0.5,317,288,289,159.0,0,0.25,0.6042411923408508,OK,N/A (no anomaly found on visual review),
pisuke,assets/art/runtime/pisuke/p1/legacy_sway/sway.png,pose:sway,sway,251,335,251,335,127.5,336.954,-127.5,-336.954,0.5,251,336,336,127.0,1,0.2826086956521739,0.6597636342048645,OK,N/A (no anomaly found on visual review),
pisuke,assets/art/runtime/pisuke/p1/downset/ult_charge.png,pose:ult_charge,ult_charge,297,225,298,225,150.5,249.507,-150.5,-249.507,0.5,299,225,226,150.0,0,0.25,0.5411245226860046,OK,N/A (no anomaly found on visual review),
pisuke,assets/art/runtime/pisuke/p1/common_basic/victory.png,pose:victory,victory,251,353,251,353,127.5,401.781,-127.5,-401.781,0.5,252,354,353,126.5,1,0.25,0.5749990344047546,OK,N/A (no anomaly found on visual review),
pisuke,assets/art/runtime/pisuke/p1/cmd_01/f1.png,cmd_01,F1,228,282,228,282,116,285.317,-116,-285.317,0.5,228,282,283,115.5,0,0.25,0.6198554635047913,OK,N/A (no anomaly found on visual review),
pisuke,assets/art/runtime/pisuke/p1/cmd_01/f2.png,cmd_01,F2,339,272,339,272,169.5,275.319,-169.5,-275.319,0.5,339,273,273,169.0,1,0.3804347826086957,0.5311753153800964,OK,N/A (no anomaly found on visual review),
pisuke,assets/art/runtime/pisuke/p1/cmd_01/f3.png,cmd_01,F3,322,262,322,262,163,263.954,-163,-263.954,0.5,322,263,263,162.5,1,0.2826086956521739,0.5328407883644104,OK,N/A (no anomaly found on visual review),
pisuke,assets/art/runtime/pisuke/p1/cmd_01/f4.png,cmd_01,F4,227,259,285,259,173.5,262.317,-173.5,-262.317,0.5,286,259,260,143.5,0,0.31521739130434784,0.5497897863388062,OK,N/A (no anomaly found on visual review),
pisuke,assets/art/runtime/pisuke/p1/cmd_02/f1.png,cmd_02,F1,199,266,248,266,101.5,267.949,-101.5,-267.949,0.5,250,266,267,125.5,0,0.25,0.543994128704071,OK,N/A (no anomaly found on visual review),
pisuke,assets/art/runtime/pisuke/p1/cmd_02/f2.png,cmd_02,F2,243,197,301,197,121.5,203.735,-121.5,-203.735,0.5,302,197,198,150.5,0,0.25,0.569020688533783,OK,N/A (no anomaly found on visual review),
pisuke,assets/art/runtime/pisuke/p1/cmd_02/f3.png,cmd_02,F3,303,137,303,137,151.5,143.053,-151.5,-143.053,0.5,303,137,138,151.0,0,0.2826086956521739,0.5131749510765076,OK,N/A (no anomaly found on visual review),
pisuke,assets/art/runtime/pisuke/p1/cmd_02/f4.png,cmd_02,F4,239,163,240,163,122.5,169.045,-122.5,-169.045,0.5,241,163,164,121.0,0,0.2826086956521739,0.5940883755683899,OK,N/A (no anomaly found on visual review),
pisuke,assets/art/runtime/pisuke/p1/cmd_03/f1.png,cmd_03,F1,189,252,255,252,96.5,259.413,-96.5,-259.413,0.5,257,252,253,129.0,0,0.25,0.5535832047462463,OK,N/A (no anomaly found on visual review),
pisuke,assets/art/runtime/pisuke/p1/cmd_03/f2.png,cmd_03,F2,262,199,262,199,131,208.45,-131,-208.45,0.5,262,201,201,130.5,2,0.25,0.5479819178581238,OK,N/A (no anomaly found on visual review),
pisuke,assets/art/runtime/pisuke/p1/cmd_03/f3.png,cmd_03,F3,238,321,263,342,121,352.142,-121,-352.142,0.5,264,344,344,133.5,2,0.34782608695652173,0.49002668261528015,OK,N/A (no anomaly found on visual review),
pisuke,assets/art/runtime/pisuke/p1/cmd_03/f4.png,cmd_03,F4,259,218,259,218,129.5,219.951,-129.5,-219.951,0.5,259,218,219,129.0,0,0.25,0.5307909846305847,OK,N/A (no anomaly found on visual review),
pisuke,assets/art/runtime/pisuke/p1/cmd_04/f1.png,cmd_04,F1,203,253,286,253,103.5,254.955,-103.5,-254.955,0.5,287,253,254,145.0,0,0.25,0.559573769569397,OK,N/A (no anomaly found on visual review),
pisuke,assets/art/runtime/pisuke/p1/cmd_04/f2.png,cmd_04,F2,281,229,296,229,140.5,230.956,-140.5,-230.956,0.5,296,230,230,147.5,1,0.2826086956521739,0.5611174702644348,OK,N/A (no anomaly found on visual review),
pisuke,assets/art/runtime/pisuke/p1/cmd_04/f3.png,cmd_04,F3,303,232,303,232,151.5,233.948,-151.5,-233.948,0.5,303,232,233,151.0,0,0.25,0.5619917511940002,OK,N/A (no anomaly found on visual review),
pisuke,assets/art/runtime/pisuke/p1/cmd_04/f4.png,cmd_04,F4,264,219,264,219,132,220.948,-132,-220.948,0.5,264,219,220,131.5,0,0.25,0.5450697541236877,OK,N/A (no anomaly found on visual review),
pisuke,assets/art/runtime/pisuke/p1/cmd_05/f1.png,cmd_05,F1,204,258,273,258,104,262,-104,-262,0.5,275,258,259,138.0,0,0.25,0.5146201252937317,OK,N/A (no anomaly found on visual review),
pisuke,assets/art/runtime/pisuke/p1/cmd_05/f2.png,cmd_05,F2,275,231,275,231,137.5,236.366,-137.5,-236.366,0.5,276,231,232,137.5,0,0.2826086956521739,0.553131103515625,OK,N/A (no anomaly found on visual review),
pisuke,assets/art/runtime/pisuke/p1/cmd_05/f3.png,cmd_05,F3,286,314,286,335,145,336.95,-145,-336.95,0.5,287,335,336,144.0,0,0.5434782608695652,0.6878361105918884,OK,N/A (no anomaly found on visual review),
pisuke,assets/art/runtime/pisuke/p1/cmd_05/f4.png,cmd_05,F4,253,231,260,319,135.5,322.317,-135.5,-322.317,0.5,262,319,320,131.5,0,0.5434782608695652,0.6381070017814636,OK,N/A (no anomaly found on visual review),
pisuke,assets/art/runtime/pisuke/p1/cmd_06/f1.png,cmd_06,F1,215,260,283,260,109.5,261.948,-109.5,-261.948,0.5,285,260,261,143.0,0,0.25,0.5523701310157776,OK,N/A (no anomaly found on visual review),
pisuke,assets/art/runtime/pisuke/p1/cmd_06/f2.png,cmd_06,F2,262,180,301,180,131,185.368,-131,-185.368,0.5,301,180,181,150.0,0,0.2826086956521739,0.5636727213859558,OK,N/A (no anomaly found on visual review),
pisuke,assets/art/runtime/pisuke/p1/cmd_06/f3.png,cmd_06,F3,303,160,303,161,151.5,162.955,-151.5,-162.955,0.5,303,163,163,151.0,2,0.25,0.5685714483261108,OK,N/A (no anomaly found on visual review),
pisuke,assets/art/runtime/pisuke/p1/cmd_06/f4.png,cmd_06,F4,278,203,280,203,142,205.634,-142,-205.634,0.5,281,203,204,140.0,0,0.25,0.518061101436615,OK,N/A (no anomaly found on visual review),
pisuke,assets/art/runtime/pisuke/p1/cmd_07/f1.png,cmd_07,F1,213,263,270,263,108.5,269.731,-108.5,-269.731,0.5,270,265,265,136.5,2,0.25,0.546942412853241,OK,N/A (no anomaly found on visual review),
pisuke,assets/art/runtime/pisuke/p1/cmd_07/f2.png,cmd_07,F2,262,197,301,197,131,206.451,-131,-206.451,0.5,301,199,199,150.0,2,0.34782608695652173,0.5393698215484619,OK,N/A (no anomaly found on visual review),
pisuke,assets/art/runtime/pisuke/p1/cmd_07/f3.png,cmd_07,F3,303,240,303,240,151.5,241.95,-151.5,-241.95,0.5,303,240,241,151.0,0,0.25,0.49470359086990356,OK,N/A (no anomaly found on visual review),
pisuke,assets/art/runtime/pisuke/p1/cmd_07/f4.png,cmd_07,F4,270,180,270,180,135,190.815,-135,-190.815,0.5,270,181,181,134.5,1,0.25,0.5461421012878418,OK,N/A (no anomaly found on visual review),
pisuke,assets/art/runtime/pisuke/p1/grab/f1.png,grab,F1,217,288,217,288,110.5,289.953,-110.5,-289.953,0.5,217,289,289,110.0,1,0.25,0.5509050488471985,OK,N/A (no anomaly found on visual review),
pisuke,assets/art/runtime/pisuke/p1/grab/f2.png,grab,F2,295,277,295,277,148.5,278.954,-148.5,-278.954,0.5,295,278,278,148.0,1,0.25,0.5224419236183167,OK,N/A (no anomaly found on visual review),
pisuke,assets/art/runtime/pisuke/p1/grab/f3.png,grab,F3,262,285,262,285,133,286.955,-133,-286.955,0.5,262,287,287,132.5,2,0.25,0.5647982358932495,OK,N/A (no anomaly found on visual review),
pisuke,assets/art/runtime/pisuke/p1/grab/f4.png,grab,F4,222,279,222,279,113,280.949,-113,-280.949,0.5,224,279,280,112.5,0,0.31521739130434784,0.5591199398040771,OK,N/A (no anomaly found on visual review),
pisuke,assets/art/runtime/pisuke/p1/high/f1.png,high,F1,257,396,257,396,130.5,400.683,-130.5,-400.683,0.5,259,396,397,130.0,0,0.25,0.5978173017501831,OK,N/A (no anomaly found on visual review),
pisuke,assets/art/runtime/pisuke/p1/high/f2.png,high,F2,249,315,249,315,126.5,321.732,-126.5,-321.732,0.5,251,315,316,126.0,0,0.6413043478260869,0.5021852850914001,OK,N/A (no anomaly found on visual review),
pisuke,assets/art/runtime/pisuke/p1/high/f3.png,high,F3,325,363,325,363,164.5,367.683,-164.5,-367.683,0.5,326,363,364,163.5,0,0.5760869565217391,0.5926554203033447,OK,N/A (no anomaly found on visual review),
pisuke,assets/art/runtime/pisuke/p1/high/f4.png,high,F4,242,304,242,304,123,305.951,-123,-305.951,0.5,243,304,305,122.0,0,0.2826086956521739,0.5814818739891052,OK,N/A (no anomaly found on visual review),
pisuke,assets/art/runtime/pisuke/p1/low/f1.png,low,F1,220,266,220,266,112,267.955,-112,-267.955,0.5,220,268,268,111.5,2,0.25,0.5516054630279541,OK,N/A (no anomaly found on visual review),
pisuke,assets/art/runtime/pisuke/p1/low/f2.png,low,F2,238,205,238,205,119,207.634,-119,-207.634,0.5,239,205,206,119.0,0,0.25,0.5292197465896606,OK,N/A (no anomaly found on visual review),
pisuke,assets/art/runtime/pisuke/p1/low/f3.png,low,F3,303,210,303,210,151.5,211.955,-151.5,-211.955,0.5,303,212,212,151.0,2,0.25,0.5516142249107361,OK,N/A (no anomaly found on visual review),
pisuke,assets/art/runtime/pisuke/p1/low/f4.png,low,F4,220,224,220,224,112,225.952,-112,-225.952,0.5,220,225,225,111.5,1,0.25,0.5523996949195862,OK,N/A (no anomaly found on visual review),
pisuke,assets/art/runtime/pisuke/p1/mid/f1.png,mid,F1,228,272,301,272,116,273.956,-116,-273.956,0.5,301,274,274,152.0,2,0.25,0.5247020125389099,OK,N/A (no anomaly found on visual review),
pisuke,assets/art/runtime/pisuke/p1/mid/f2.png,mid,F2,292,253,292,253,146,257,-146,-257,0.5,292,253,254,145.5,0,0.25,0.5145172476768494,OK,N/A (no anomaly found on visual review),
pisuke,assets/art/runtime/pisuke/p1/mid/f3.png,mid,F3,338,262,338,262,169,265.318,-169,-265.318,0.5,338,264,264,168.5,2,0.25,0.5032410025596619,OK,N/A (no anomaly found on visual review),
pisuke,assets/art/runtime/pisuke/p1/mid/f4.png,mid,F4,266,255,295,255,163,257.633,-163,-257.633,0.5,297,255,256,149.0,0,0.25,0.5697895288467407,OK,N/A (no anomaly found on visual review),
pisuke,assets/art/runtime/pisuke/p1/mikiri/f1.png,mikiri,F1,226,287,226,287,115,289.634,-115,-289.634,0.5,228,287,288,114.5,0,0.25,0.622071385383606,OK,N/A (no anomaly found on visual review),
pisuke,assets/art/runtime/pisuke/p1/mikiri/f2.png,mikiri,F2,218,255,218,255,110,256.95,-110,-256.95,0.5,220,255,256,109.5,0,0.25,0.5709397196769714,OK,N/A (no anomaly found on visual review),
pisuke,assets/art/runtime/pisuke/p1/mikiri/f3.png,mikiri,F3,303,236,303,236,151.5,238.636,-151.5,-238.636,0.5,303,238,238,151.0,2,0.25,0.5277799963951111,OK,N/A (no anomaly found on visual review),
pisuke,assets/art/runtime/pisuke/p1/mikiri/f4.png,mikiri,F4,224,283,224,283,114,285.633,-114,-285.633,0.5,226,283,284,113.5,0,0.25,0.6119256019592285,OK,N/A (no anomaly found on visual review),
pisuke,assets/art/runtime/pisuke/p1/roar/f1.png,roar,F1,243,276,243,276,123.5,280,-123.5,-280,0.5,245,276,277,123.0,0,0.25,0.5662636160850525,OK,N/A (no anomaly found on visual review),
pisuke,assets/art/runtime/pisuke/p1/roar/f2.png,roar,F2,245,322,245,322,124.5,324.633,-124.5,-324.633,0.5,247,322,323,124.0,0,0.2826086956521739,0.5215805172920227,OK,N/A (no anomaly found on visual review),
pisuke,assets/art/runtime/pisuke/p1/roar/f3.png,roar,F3,267,331,268,331,135.5,332.953,-135.5,-332.953,0.5,268,332,332,135.5,1,0.25,0.5397837162017822,OK,N/A (no anomaly found on visual review),
pisuke,assets/art/runtime/pisuke/p1/roar/f4.png,roar,F4,236,270,255,270,120,273.318,-120,-273.318,0.5,256,270,271,129.5,0,0.2826086956521739,0.5352527499198914,OK,N/A (no anomaly found on visual review),
takimaru,assets/art/runtime/takimaru/p1/legacy_crouch/crouch.png,pose:crouch,crouch,361,257,361,257,182.5,258.788,-182.5,-258.788,0.5,362,257,258,181.5,0,0.31521739130434784,0.5690500736236572,OK,N/A (no anomaly found on visual review),
takimaru,assets/art/runtime/takimaru/p1/legacy_crouch_atk/crouch_atk.png,pose:crouch_atk,crouch_atk,396,257,396,257,200,258.788,-200,-258.788,0.5,397,257,258,199.0,0,0.2826086956521739,0.6491363048553467,OK,N/A (no anomaly found on visual review),
takimaru,assets/art/runtime/takimaru/p1/downset/down.png,pose:down,down,434,145,434,145,219,163.68,-219,-163.68,0.5,434,147,147,218.5,2,0.2826086956521739,0.6014365553855896,OK,N/A (no anomaly found on visual review),
takimaru,assets/art/runtime/takimaru/p1/common_basic/flinch.png,pose:flinch,flinch,326,366,326,366,165,402.366,-165,-402.366,0.5,326,367,367,164.5,1,0.2826086956521739,0.5994371771812439,OK,N/A (no anomaly found on visual review),
takimaru,assets/art/runtime/takimaru/p1/downset/getup.png,pose:getup,getup,388,257,388,257,196,259.53,-196,-259.53,0.5,388,258,258,195.5,1,0.4782608695652174,0.6226571798324585,OK,N/A (no anomaly found on visual review),
takimaru,assets/art/runtime/takimaru/p1/legacy_grabbed/grabbed.png,pose:grabbed,grabbed,340,309,340,309,172,309.792,-172,-309.792,0.5,340,309,309,171.5,0,0.25,0.602573037147522,OK,N/A (no anomaly found on visual review),
takimaru,assets/art/runtime/takimaru/p1/common_basic/guard.png,pose:guard,guard,282,360,282,360,143,363.265,-143,-363.265,0.5,282,361,361,142.5,1,0.25,0.5516446232795715,OK,N/A (no anomaly found on visual review),
takimaru,assets/art/runtime/takimaru/p1/common_basic/idle.png,pose:idle,idle,304,368,304,368,154,369.794,-154,-369.794,0.5,304,368,369,153.5,0,0.25,0.6042709350585938,OK,N/A (no anomaly found on visual review),
takimaru,assets/art/runtime/takimaru/p1/downset/ko.png,pose:ko,ko,447,128,447,128,225.5,166.659,-225.5,-166.659,0.5,447,128,129,225.0,0,0.41304347826086957,0.592704713344574,OK,N/A (no anomaly found on visual review),
takimaru,assets/art/runtime/takimaru/p1/legacy_lunge/lunge.png,pose:lunge,lunge,383,286,383,286,193.5,287.792,-193.5,-287.792,0.5,383,286,287,193.0,0,0.3804347826086957,0.664692759513855,OK,N/A (no anomaly found on visual review),
takimaru,assets/art/runtime/takimaru/p1/legacy_sway/sway.png,pose:sway,sway,297,335,297,335,150.5,336.794,-150.5,-336.794,0.5,297,335,336,150.0,0,0.2826086956521739,0.631217896938324,OK,N/A (no anomaly found on visual review),
takimaru,assets/art/runtime/takimaru/p1/downset/ult_charge.png,pose:ult_charge,ult_charge,314,273,314,273,159,274.79,-159,-274.79,0.5,314,273,274,158.5,0,0.44565217391304346,0.6034107208251953,OK,N/A (no anomaly found on visual review),
takimaru,assets/art/runtime/takimaru/p1/common_basic/victory.png,pose:victory,victory,274,379,274,379,139,403.801,-139,-403.801,0.5,274,379,378,138.5,0,0.25,0.5760596990585327,OK,N/A (no anomaly found on visual review),
takimaru,assets/art/runtime/takimaru/p1/cmd_01/f1.png,cmd_01,F1,275,325,275,325,139.5,326.792,-139.5,-326.792,0.5,275,325,326,139.0,0,0.41304347826086957,0.6007493138313293,OK,N/A (no anomaly found on visual review),
takimaru,assets/art/runtime/takimaru/p1/cmd_01/f2.png,cmd_01,F2,326,307,326,307,163,312.474,-163,-312.474,0.5,326,307,308,162.5,0,0.25,0.6098787784576416,OK,N/A (no anomaly found on visual review),
takimaru,assets/art/runtime/takimaru/p1/cmd_01/f3.png,cmd_01,F3,246,315,246,315,125,316.795,-125,-316.795,0.5,246,316,316,124.5,1,0.25,0.5883267521858215,OK,N/A (no anomaly found on visual review),
takimaru,assets/art/runtime/takimaru/p1/cmd_01/f4.png,cmd_01,F4,230,331,230,331,117,334.264,-117,-334.264,0.5,230,331,332,116.5,0,0.2826086956521739,0.6108080744743347,OK,N/A (no anomaly found on visual review),
takimaru,assets/art/runtime/takimaru/p1/cmd_02/f1.png,cmd_02,F1,287,324,287,324,145.5,333.883,-145.5,-333.883,0.5,287,325,325,145.0,1,0.41304347826086957,0.6277080774307251,OK,N/A (no anomaly found on visual review),
takimaru,assets/art/runtime/takimaru/p1/cmd_02/f2.png,cmd_02,F2,307,315,307,315,154.5,326.35,-154.5,-326.35,0.5,308,316,316,153.5,1,0.25,0.6233659386634827,OK,N/A (no anomaly found on visual review),
takimaru,assets/art/runtime/takimaru/p1/cmd_02/f3.png,cmd_02,F3,263,327,293,327,163.5,333.942,-163.5,-333.942,0.5,293,327,328,148.0,0,0.41304347826086957,0.574080765247345,OK,N/A (no anomaly found on visual review),
takimaru,assets/art/runtime/takimaru/p1/cmd_02/f4.png,cmd_02,F4,269,349,293,349,160.5,350.794,-160.5,-350.794,0.5,293,350,350,148.0,1,0.6086956521739131,0.5940387845039368,OK,N/A (no anomaly found on visual review),
takimaru,assets/art/runtime/takimaru/p1/cmd_03/f1.png,cmd_03,F1,267,303,267,303,135.5,306.264,-135.5,-306.264,0.5,267,303,304,135.0,0,0.34782608695652173,0.6382611393928528,OK,N/A (no anomaly found on visual review),
takimaru,assets/art/runtime/takimaru/p1/cmd_03/f2.png,cmd_03,F2,256,268,274,268,128,272.737,-128,-272.737,0.5,274,268,269,136.5,0,0.2826086956521739,0.6528988480567932,OK,N/A (no anomaly found on visual review),
takimaru,assets/art/runtime/takimaru/p1/cmd_03/f3.png,cmd_03,F3,283,247,283,249,141.5,257.413,-141.5,-257.413,0.5,283,250,250,141.0,1,0.25,0.5798800587654114,OK,N/A (no anomaly found on visual review),
takimaru,assets/art/runtime/takimaru/p1/cmd_03/f4.png,cmd_03,F4,275,289,275,289,137.5,290.791,-137.5,-290.791,0.5,275,289,290,137.0,0,0.34782608695652173,0.6390984058380127,OK,N/A (no anomaly found on visual review),
takimaru,assets/art/runtime/takimaru/p1/cmd_04/f1.png,cmd_04,F1,258,287,258,287,131,293.947,-131,-293.947,0.5,258,287,288,130.5,0,0.34782608695652173,0.6296830773353577,OK,N/A (no anomaly found on visual review),
takimaru,assets/art/runtime/takimaru/p1/cmd_04/f2.png,cmd_04,F2,276,249,276,249,138,257.426,-138,-257.426,0.5,276,249,250,137.5,0,0.2826086956521739,0.653748631477356,OK,N/A (no anomaly found on visual review),
takimaru,assets/art/runtime/takimaru/p1/cmd_04/f3.png,cmd_04,F3,272,202,279,204,136,205.787,-136,-205.787,0.5,279,204,205,139.0,0,0.25,0.5766262412071228,OK,N/A (no anomaly found on visual review),
takimaru,assets/art/runtime/takimaru/p1/cmd_04/f4.png,cmd_04,F4,255,270,255,270,129.5,276.946,-129.5,-276.946,0.5,255,270,271,129.0,0,0.3804347826086957,0.640219509601593,OK,N/A (no anomaly found on visual review),
takimaru,assets/art/runtime/takimaru/p1/cmd_05/f1.png,cmd_05,F1,263,305,263,305,133.5,306.793,-133.5,-306.793,0.5,263,305,306,133.0,0,0.3804347826086957,0.6226340532302856,OK,N/A (no anomaly found on visual review),
takimaru,assets/art/runtime/takimaru/p1/cmd_05/f2.png,cmd_05,F2,260,276,260,276,130,286.632,-130,-286.632,0.5,260,276,277,129.5,0,0.25,0.6183340549468994,OK,N/A (no anomaly found on visual review),
takimaru,assets/art/runtime/takimaru/p1/cmd_05/f3.png,cmd_05,F3,327,246,327,246,163.5,254.412,-163.5,-254.412,0.5,327,246,247,163.0,0,0.25,0.5897814631462097,OK,N/A (no anomaly found on visual review),
takimaru,assets/art/runtime/takimaru/p1/cmd_05/f4.png,cmd_05,F4,265,291,307,291,176.5,292.793,-176.5,-292.793,0.5,307,291,292,155.0,0,0.34782608695652173,0.6351251006126404,OK,N/A (no anomaly found on visual review),
takimaru,assets/art/runtime/takimaru/p1/cmd_06/f1.png,cmd_06,F1,265,304,265,304,134.5,306.53,-134.5,-306.53,0.5,265,304,305,134.0,0,0.3804347826086957,0.6329248547554016,OK,N/A (no anomaly found on visual review),
takimaru,assets/art/runtime/takimaru/p1/cmd_06/f2.png,cmd_06,F2,244,325,244,335,122,336.794,-122,-336.794,0.5,244,336,336,121.5,1,0.34782608695652173,0.630168616771698,OK,N/A (no anomaly found on visual review),
takimaru,assets/art/runtime/takimaru/p1/cmd_06/f3.png,cmd_06,F3,248,240,297,271,124,277.941,-124,-277.941,0.5,297,272,273,148.0,1,0.2826086956521739,0.6001011729240417,OK,N/A (no anomaly found on visual review),
takimaru,assets/art/runtime/takimaru/p1/cmd_06/f4.png,cmd_06,F4,263,305,292,305,161.5,307.529,-161.5,-307.529,0.5,293,305,306,146.0,0,0.3804347826086957,0.6315142512321472,OK,N/A (no anomaly found on visual review),
takimaru,assets/art/runtime/takimaru/p1/cmd_07/f1.png,cmd_07,F1,261,315,261,315,132.5,330.788,-132.5,-330.788,0.5,261,315,316,132.0,0,0.34782608695652173,0.6129070520401001,OK,N/A (no anomaly found on visual review),
takimaru,assets/art/runtime/takimaru/p1/cmd_07/f2.png,cmd_07,F2,183,320,258,332,145.5,344.823,-145.5,-344.823,0.5,258,333,333,130.5,1,0.6086956521739131,0.7315919399261475,OK,N/A (no anomaly found on visual review),
takimaru,assets/art/runtime/takimaru/p1/cmd_07/f3.png,cmd_07,F3,308,258,308,293,154,294.789,-154,-294.789,0.5,308,293,294,153.5,0,0.25,0.6452684998512268,OK,N/A (no anomaly found on visual review),
takimaru,assets/art/runtime/takimaru/p1/cmd_07/f4.png,cmd_07,F4,269,313,285,313,152.5,328.795,-152.5,-328.795,0.5,285,313,314,144.0,0,0.3804347826086957,0.6124225854873657,OK,N/A (no anomaly found on visual review),
takimaru,assets/art/runtime/takimaru/p1/grab/f1.png,grab,F1,257,344,257,344,130.5,345.793,-130.5,-345.793,0.5,257,345,345,130.0,1,0.3804347826086957,0.5768649578094482,OK,N/A (no anomaly found on visual review),
takimaru,assets/art/runtime/takimaru/p1/grab/f2.png,grab,F2,326,341,326,341,163,342.793,-163,-342.793,0.5,326,341,342,162.5,0,0.44565217391304346,0.6321475505828857,OK,N/A (no anomaly found on visual review),
takimaru,assets/art/runtime/takimaru/p1/grab/f3.png,grab,F3,271,352,271,352,137.5,353.789,-137.5,-353.789,0.5,271,352,353,137.0,0,0.41304347826086957,0.5956810116767883,OK,N/A (no anomaly found on visual review),
takimaru,assets/art/runtime/takimaru/p1/grab/f4.png,grab,F4,233,343,233,343,118.5,346.263,-118.5,-346.263,0.5,233,343,344,118.0,0,0.25,0.5804908275604248,OK,N/A (no anomaly found on visual review),
takimaru,assets/art/runtime/takimaru/p1/high/f1.png,high,F1,271,425,271,425,137.5,428.264,-137.5,-428.264,0.5,271,425,426,137.0,0,0.34782608695652173,0.7341986894607544,OK,N/A (no anomaly found on visual review),
takimaru,assets/art/runtime/takimaru/p1/high/f2.png,high,F2,243,413,243,413,123.5,414.794,-123.5,-414.794,0.5,243,413,414,123.0,0,0.3804347826086957,0.7076278924942017,OK,N/A (no anomaly found on visual review),
takimaru,assets/art/runtime/takimaru/p1/high/f3.png,high,F3,323,422,323,422,163.5,423.793,-163.5,-423.793,0.5,323,422,423,163.0,0,0.5108695652173914,0.6743780374526978,OK,N/A (no anomaly found on visual review),
takimaru,assets/art/runtime/takimaru/p1/high/f4.png,high,F4,277,342,289,418,152.5,421.264,-152.5,-421.264,0.5,289,418,419,146.0,0,0.6739130434782609,0.847876787185669,OK,N/A (no anomaly found on visual review),
takimaru,assets/art/runtime/takimaru/p1/low/f1.png,low,F1,256,270,260,270,134,279.156,-134,-279.156,0.5,261,270,271,131.0,0,0.31521739130434784,0.6516209840774536,OK,N/A (no anomaly found on visual review),
takimaru,assets/art/runtime/takimaru/p1/low/f2.png,low,F2,304,225,304,225,152,228.264,-152,-228.264,0.5,304,225,226,151.5,0,0.25,0.6228188872337341,OK,N/A (no anomaly found on visual review),
takimaru,assets/art/runtime/takimaru/p1/low/f3.png,low,F3,302,213,302,213,153,214.793,-153,-214.793,0.5,302,213,214,152.5,0,0.25,0.601269543170929,OK,N/A (no anomaly found on visual review),
takimaru,assets/art/runtime/takimaru/p1/low/f4.png,low,F4,221,206,221,206,112.5,209.263,-112.5,-209.263,0.5,223,206,207,112.0,0,0.25,0.6230034828186035,OK,N/A (no anomaly found on visual review),
takimaru,assets/art/runtime/takimaru/p1/mid/f1.png,mid,F1,261,300,261,300,132.5,303.264,-132.5,-303.264,0.5,261,300,301,132.0,0,0.25,0.5881911516189575,OK,N/A (no anomaly found on visual review),
takimaru,assets/art/runtime/takimaru/p1/mid/f2.png,mid,F2,262,285,262,285,133,289,-133,-289,0.5,262,286,286,132.5,1,0.41304347826086957,0.6340018510818481,OK,N/A (no anomaly found on visual review),
takimaru,assets/art/runtime/takimaru/p1/mid/f3.png,mid,F3,305,290,305,290,154.5,293.265,-154.5,-293.265,0.5,305,292,292,154.0,2,0.41304347826086957,0.6327364444732666,OK,N/A (no anomaly found on visual review),
takimaru,assets/art/runtime/takimaru/p1/mid/f4.png,mid,F4,248,289,292,302,169,303.788,-169,-303.788,0.5,293,302,303,146.0,0,0.6413043478260869,0.8574810028076172,OK,N/A (no anomaly found on visual review),
takimaru,assets/art/runtime/takimaru/p1/mikiri/f1.png,mikiri,F1,292,375,292,375,148,376.792,-148,-376.792,0.5,292,375,376,147.5,0,0.7065217391304348,0.5989799499511719,OK,N/A (no anomaly found on visual review),
takimaru,assets/art/runtime/takimaru/p1/mikiri/f2.png,mikiri,F2,244,360,244,360,124,361.789,-124,-361.789,0.5,244,360,361,123.5,0,0.31521739130434784,0.6059819459915161,OK,N/A (no anomaly found on visual review),
takimaru,assets/art/runtime/takimaru/p1/mikiri/f3.png,mikiri,F3,262,352,262,352,133,353.789,-133,-353.789,0.5,263,352,353,132.0,0,0.25,0.6295551061630249,OK,N/A (no anomaly found on visual review),
takimaru,assets/art/runtime/takimaru/p1/mikiri/f4.png,mikiri,F4,278,363,278,363,141,364.789,-141,-364.789,0.5,278,363,364,140.5,0,0.6413043478260869,0.6578729748725891,OK,N/A (no anomaly found on visual review),
takimaru,assets/art/runtime/takimaru/p1/roar/f1.png,roar,F1,260,385,260,385,132,386.794,-132,-386.794,0.5,260,385,386,131.5,0,0.7065217391304348,0.6271745562553406,OK,N/A (no anomaly found on visual review),
takimaru,assets/art/runtime/takimaru/p1/roar/f2.png,roar,F2,281,393,281,393,142.5,394.79,-142.5,-394.79,0.5,281,393,394,142.0,0,0.25,0.5582346320152283,OK,N/A (no anomaly found on visual review),
takimaru,assets/art/runtime/takimaru/p1/roar/f3.png,roar,F3,288,391,288,391,146,392.789,-146,-392.789,0.5,289,391,392,145.0,0,0.25,0.5999894142150879,OK,N/A (no anomaly found on visual review),
takimaru,assets/art/runtime/takimaru/p1/roar/f4.png,roar,F4,258,374,260,374,131,375.794,-131,-375.794,0.5,260,375,375,131.5,1,0.7065217391304348,0.6177248358726501,OK,N/A (no anomaly found on visual review),
yomikage,assets/art/runtime/yomikage/p1/legacy_crouch/crouch.png,pose:crouch,crouch,297,198,297,198,150.5,200.013,-150.5,-200.013,0.5,299,200,200,150.0,2,0.34782608695652173,0.6288794875144958,OK,N/A (no anomaly found on visual review),
yomikage,assets/art/runtime/yomikage/p1/legacy_crouch_atk/crouch_atk.png,pose:crouch_atk,crouch_atk,362,180,362,180,183,182.007,-183,-182.007,0.5,363,181,181,182.0,1,0.34782608695652173,0.635418176651001,OK,N/A (no anomaly found on visual review),
yomikage,assets/art/runtime/yomikage/p1/downset/down.png,pose:down,down,405,139,405,139,204.5,141.014,-204.5,-141.014,0.5,406,141,141,204.5,2,0.25,0.627985417842865,OK,N/A (no anomaly found on visual review),
yomikage,assets/art/runtime/yomikage/p1/common_basic/flinch.png,pose:flinch,flinch,288,296,288,296,146,349.779,-146,-349.779,0.5,290,297,297,145.5,1,0.25,0.6178522109985352,OK,N/A (no anomaly found on visual review),
yomikage,assets/art/runtime/yomikage/p1/downset/getup.png,pose:getup,getup,365,246,365,246,184.5,252.653,-184.5,-252.653,0.5,367,247,248,184.0,1,0.2826086956521739,0.5826043486595154,OK,N/A (no anomaly found on visual review),
yomikage,assets/art/runtime/yomikage/p1/legacy_grabbed/grabbed.png,pose:grabbed,grabbed,223,262,223,262,113.5,264.015,-113.5,-264.015,0.5,225,263,263,113.0,1,0.25,0.6498973369598389,OK,N/A (no anomaly found on visual review),
yomikage,assets/art/runtime/yomikage/p1/common_basic/guard.png,pose:guard,guard,270,325,270,325,137,327.01,-137,-327.01,0.5,271,327,327,136.0,2,0.2826086956521739,0.5810710191726685,OK,N/A (no anomaly found on visual review),
yomikage,assets/art/runtime/yomikage/p1/common_basic/idle.png,pose:idle,idle,272,344,272,344,138,346.674,-138,-346.674,0.5,274,346,346,137.5,2,0.31521739130434784,0.5827596783638,OK,N/A (no anomaly found on visual review),
yomikage,assets/art/runtime/yomikage/p1/downset/ko.png,pose:ko,ko,410,143,410,143,207,179.446,-207,-179.446,0.5,412,145,145,206.5,2,0.5108695652173914,0.6694396138191223,OK,N/A (no anomaly found on visual review),
yomikage,assets/art/runtime/yomikage/p1/legacy_lunge/lunge.png,pose:lunge,lunge,333,265,333,265,168.5,267.012,-168.5,-267.012,0.5,335,267,267,168.0,2,0.31521739130434784,0.581855833530426,OK,N/A (no anomaly found on visual review),
yomikage,assets/art/runtime/yomikage/p1/legacy_sway/sway.png,pose:sway,sway,290,307,290,307,147,309.011,-147,-309.011,0.5,292,309,309,146.5,2,0.25,0.7604421973228455,OK,N/A (no anomaly found on visual review),
yomikage,assets/art/runtime/yomikage/p1/downset/ult_charge.png,pose:ult_charge,ult_charge,323,275,323,275,163.5,286.29,-163.5,-286.29,0.5,325,277,277,163.0,2,0.25,0.5849365592002869,OK,N/A (no anomaly found on visual review),
yomikage,assets/art/runtime/yomikage/p1/common_basic/victory.png,pose:victory,victory,219,331,219,331,111.5,376.032,-111.5,-376.032,0.5,221,331,330,111.0,0,0.44565217391304346,0.5813909769058228,OK,N/A (no anomaly found on visual review),
yomikage,assets/art/runtime/yomikage/p1/cmd_01/f1.png,cmd_01,F1,201,282,201,282,102.5,284.673,-102.5,-284.673,0.5,202,284,284,101.5,2,0.25,0.5726850628852844,OK,N/A (no anomaly found on visual review),
yomikage,assets/art/runtime/yomikage/p1/cmd_01/f2.png,cmd_01,F2,255,260,255,260,127.5,262.01,-127.5,-262.01,0.5,255,262,262,127.0,2,0.34782608695652173,0.6149793863296509,OK,N/A (no anomaly found on visual review),
yomikage,assets/art/runtime/yomikage/p1/cmd_01/f3.png,cmd_01,F3,255,248,255,248,127.5,250.011,-127.5,-250.011,0.5,255,250,250,127.0,2,0.25,0.5798250436782837,OK,N/A (no anomaly found on visual review),
yomikage,assets/art/runtime/yomikage/p1/cmd_01/f4.png,cmd_01,F4,208,274,211,274,109,276.01,-109,-276.01,0.5,212,276,276,106.5,2,0.25,0.5789803862571716,OK,N/A (no anomaly found on visual review),
yomikage,assets/art/runtime/yomikage/p1/cmd_02/f1.png,cmd_02,F1,199,301,199,301,101.5,323.565,-101.5,-323.565,0.5,201,303,303,101.0,2,0.25,0.5668846368789673,OK,N/A (no anomaly found on visual review),
yomikage,assets/art/runtime/yomikage/p1/cmd_02/f2.png,cmd_02,F2,255,292,255,292,127.5,313.919,-127.5,-313.919,0.5,255,294,294,127.0,2,0.3804347826086957,0.7566064596176147,OK,N/A (no anomaly found on visual review),
yomikage,assets/art/runtime/yomikage/p1/cmd_02/f3.png,cmd_02,F3,255,225,255,226,127.5,226.686,-127.5,-226.686,0.5,255,228,228,127.0,2,0.25,0.5563730597496033,OK,N/A (no anomaly found on visual review),
yomikage,assets/art/runtime/yomikage/p1/cmd_02/f4.png,cmd_02,F4,198,296,207,296,110,319.868,-110,-319.868,0.5,209,297,297,105.0,1,0.25,0.5746826529502869,OK,N/A (no anomaly found on visual review),
yomikage,assets/art/runtime/yomikage/p1/cmd_03/f1.png,cmd_03,F1,201,290,201,290,102.5,292.009,-102.5,-292.009,0.5,203,292,292,102.0,2,0.25,0.5824131965637207,OK,N/A (no anomaly found on visual review),
yomikage,assets/art/runtime/yomikage/p1/cmd_03/f2.png,cmd_03,F2,251,269,251,269,125.5,271.012,-125.5,-271.012,0.5,252,270,270,125.5,1,0.25,0.593230664730072,OK,N/A (no anomaly found on visual review),
yomikage,assets/art/runtime/yomikage/p1/cmd_03/f3.png,cmd_03,F3,255,300,255,305,127.5,307.011,-127.5,-307.011,0.5,255,307,307,127.0,2,0.6086956521739131,0.90646892786026,OK,N/A (no anomaly found on visual review),
yomikage,assets/art/runtime/yomikage/p1/cmd_03/f4.png,cmd_03,F4,198,282,203,321,106,323.014,-106,-323.014,0.5,205,322,322,103.0,1,0.5434782608695652,0.8955920934677124,OK,N/A (no anomaly found on visual review),
yomikage,assets/art/runtime/yomikage/p1/cmd_04/f1.png,cmd_04,F1,193,279,193,279,98.5,286.314,-98.5,-286.314,0.5,194,281,281,98.5,2,0.25,0.565185010433197,OK,N/A (no anomaly found on visual review),
yomikage,assets/art/runtime/yomikage/p1/cmd_04/f2.png,cmd_04,F2,277,271,277,271,138.5,275,-138.5,-275,0.5,277,273,273,138.0,2,0.8695652173913043,0.5871310234069824,OK,N/A (no anomaly found on visual review),
yomikage,assets/art/runtime/yomikage/p1/cmd_04/f3.png,cmd_04,F3,224,275,224,275,114,277.012,-114,-277.012,0.5,226,277,277,113.5,2,0.2826086956521739,0.6290314793586731,OK,N/A (no anomaly found on visual review),
yomikage,assets/art/runtime/yomikage/p1/cmd_04/f4.png,cmd_04,F4,194,280,194,280,99,286.654,-99,-286.654,0.5,196,282,282,98.5,2,0.25,0.5737951397895813,OK,N/A (no anomaly found on visual review),
yomikage,assets/art/runtime/yomikage/p1/cmd_05/f1.png,cmd_05,F1,205,293,228,293,104.5,295.674,-104.5,-295.674,0.5,230,295,295,115.5,2,0.25,0.589992105960846,OK,N/A (no anomaly found on visual review),
yomikage,assets/art/runtime/yomikage/p1/cmd_05/f2.png,cmd_05,F2,251,239,251,260,125.5,265.327,-125.5,-265.327,0.5,252,262,262,125.5,2,0.44565217391304346,0.7444409728050232,OK,N/A (no anomaly found on visual review),
yomikage,assets/art/runtime/yomikage/p1/cmd_05/f3.png,cmd_05,F3,241,342,241,343,122.5,345.013,-122.5,-345.013,0.5,242,345,345,121.5,2,0.44565217391304346,0.7745935320854187,OK,N/A (no anomaly found on visual review),
yomikage,assets/art/runtime/yomikage/p1/cmd_05/f4.png,cmd_05,F4,198,289,222,361,124,363.013,-124,-363.013,0.5,224,362,362,111.5,1,0.5760869565217391,0.8841989040374756,OK,N/A (no anomaly found on visual review),
yomikage,assets/art/runtime/yomikage/p1/cmd_06/f1.png,cmd_06,F1,199,290,237,290,101.5,304.619,-101.5,-304.619,0.5,238,292,292,119.5,2,0.25,0.5951111316680908,OK,N/A (no anomaly found on visual review),
yomikage,assets/art/runtime/yomikage/p1/cmd_06/f2.png,cmd_06,F2,238,241,238,241,119,253.608,-119,-253.608,0.5,239,243,243,119.0,2,0.5108695652173914,0.5489661693572998,OK,N/A (no anomaly found on visual review),
yomikage,assets/art/runtime/yomikage/p1/cmd_06/f3.png,cmd_06,F3,255,219,255,220,127.5,221.349,-127.5,-221.349,0.5,255,222,222,127.0,2,0.25,0.5736249089241028,OK,N/A (no anomaly found on visual review),
yomikage,assets/art/runtime/yomikage/p1/cmd_06/f4.png,cmd_06,F4,198,290,214,299,116,304.326,-116,-304.326,0.5,215,301,301,108.0,2,0.25,0.5905581116676331,OK,N/A (no anomaly found on visual review),
yomikage,assets/art/runtime/yomikage/p1/cmd_07/f1.png,cmd_07,F1,194,305,194,305,99,309,-99,-309,0.5,196,307,307,98.5,2,0.25,0.6011897921562195,OK,N/A (no anomaly found on visual review),
yomikage,assets/art/runtime/yomikage/p1/cmd_07/f2.png,cmd_07,F2,236,270,236,270,118,272.01,-118,-272.01,0.5,237,271,271,118.0,1,0.25,0.6055485606193542,OK,N/A (no anomaly found on visual review),
yomikage,assets/art/runtime/yomikage/p1/cmd_07/f3.png,cmd_07,F3,255,273,255,273,127.5,275.012,-127.5,-275.012,0.5,255,274,274,127.0,1,0.25,0.5881897211074829,OK,N/A (no anomaly found on visual review),
yomikage,assets/art/runtime/yomikage/p1/cmd_07/f4.png,cmd_07,F4,196,306,196,306,100,309.338,-100,-309.338,0.5,198,307,307,99.5,1,0.25,0.5997042059898376,OK,N/A (no anomaly found on visual review),
yomikage,assets/art/runtime/yomikage/p1/grab/f1.png,grab,F1,256,330,256,330,130,332.675,-130,-332.675,0.5,258,332,332,129.5,2,0.25,0.598294198513031,OK,N/A (no anomaly found on visual review),
yomikage,assets/art/runtime/yomikage/p1/grab/f2.png,grab,F2,359,311,359,311,180.5,313.011,-180.5,-313.011,0.5,360,313,313,179.5,2,0.2826086956521739,0.5660032033920288,OK,N/A (no anomaly found on visual review),
yomikage,assets/art/runtime/yomikage/p1/grab/f3.png,grab,F3,251,345,251,345,127.5,347.673,-127.5,-347.673,0.5,253,347,347,127.0,2,0.9347826086956521,0.6099606156349182,OK,N/A (no anomaly found on visual review),
yomikage,assets/art/runtime/yomikage/p1/grab/f4.png,grab,F4,249,326,249,326,126.5,328.675,-126.5,-328.675,0.5,251,327,327,126.0,1,0.2826086956521739,0.6046151518821716,OK,N/A (no anomaly found on visual review),
yomikage,assets/art/runtime/yomikage/p1/high/f1.png,high,F1,276,337,276,337,140,339.014,-140,-339.014,0.5,278,338,338,139.5,1,0.6739130434782609,0.7387171387672424,OK,N/A (no anomaly found on visual review),
yomikage,assets/art/runtime/yomikage/p1/high/f2.png,high,F2,259,279,259,279,131.5,281.012,-131.5,-281.012,0.5,261,281,281,131.0,2,0.9021739130434783,0.6437364220619202,OK,N/A (no anomaly found on visual review),
yomikage,assets/art/runtime/yomikage/p1/high/f3.png,high,F3,350,386,350,386,177,388.014,-177,-388.014,0.5,351,388,388,176.0,2,0.7065217391304348,0.8095243573188782,OK,N/A (no anomaly found on visual review),
yomikage,assets/art/runtime/yomikage/p1/high/f4.png,high,F4,249,287,250,371,127.5,373.012,-127.5,-373.012,0.5,252,373,373,126.5,2,0.4782608695652174,0.7405344247817993,OK,N/A (no anomaly found on visual review),
yomikage,assets/art/runtime/yomikage/p1/low/f1.png,low,F1,237,239,237,239,120.5,245.656,-120.5,-245.656,0.5,239,241,241,120.0,2,0.25,0.5715606212615967,OK,N/A (no anomaly found on visual review),
yomikage,assets/art/runtime/yomikage/p1/low/f2.png,low,F2,286,195,286,195,143,199,-143,-199,0.5,286,197,197,142.5,2,0.2826086956521739,0.6074609756469727,OK,N/A (no anomaly found on visual review),
yomikage,assets/art/runtime/yomikage/p1/low/f3.png,low,F3,328,144,328,144,164,146.009,-164,-146.009,0.5,328,146,146,163.5,2,0.25,0.5731428861618042,OK,N/A (no anomaly found on visual review),
yomikage,assets/art/runtime/yomikage/p1/low/f4.png,low,F4,231,192,258,192,144.5,196,-144.5,-196,0.5,260,193,194,130.5,1,0.25,0.5781261324882507,OK,N/A (no anomaly found on visual review),
yomikage,assets/art/runtime/yomikage/p1/mid/f1.png,mid,F1,233,287,233,287,118.5,289.011,-118.5,-289.011,0.5,234,289,289,118.5,2,0.25,0.5851380228996277,OK,N/A (no anomaly found on visual review),
yomikage,assets/art/runtime/yomikage/p1/mid/f2.png,mid,F2,284,270,284,270,144,272.014,-144,-272.014,0.5,286,271,271,143.5,1,0.8695652173913043,0.5927063822746277,OK,N/A (no anomaly found on visual review),
yomikage,assets/art/runtime/yomikage/p1/mid/f3.png,mid,F3,306,271,306,271,155,273.675,-155,-273.675,0.5,307,273,273,154.0,2,0.25,0.5799238681793213,OK,N/A (no anomaly found on visual review),
yomikage,assets/art/runtime/yomikage/p1/mid/f4.png,mid,F4,221,274,245,274,136.5,276.673,-136.5,-276.673,0.5,247,276,276,124.0,2,0.25,0.5785495042800903,OK,N/A (no anomaly found on visual review),
yomikage,assets/art/runtime/yomikage/p1/mikiri/f1.png,mikiri,F1,233,299,233,299,118.5,301.011,-118.5,-301.011,0.5,235,301,301,118.0,2,0.44565217391304346,0.5882532596588135,OK,N/A (no anomaly found on visual review),
yomikage,assets/art/runtime/yomikage/p1/mikiri/f2.png,mikiri,F2,234,253,247,271,117,273.012,-117,-273.012,0.5,248,272,272,123.5,1,0.6413043478260869,0.8002561926841736,OK,N/A (no anomaly found on visual review),
yomikage,assets/art/runtime/yomikage/p1/mikiri/f3.png,mikiri,F3,279,221,279,221,139.5,225,-139.5,-225,0.5,280,223,223,139.5,2,0.25,0.5893778204917908,OK,N/A (no anomaly found on visual review),
yomikage,assets/art/runtime/yomikage/p1/mikiri/f4.png,mikiri,F4,231,283,231,283,117.5,285.674,-117.5,-285.674,0.5,232,285,285,117.5,2,0.25,0.5808855891227722,OK,N/A (no anomaly found on visual review),
yomikage,assets/art/runtime/yomikage/p1/roar/f1.png,roar,F1,265,337,265,337,134.5,341.662,-134.5,-341.662,0.5,267,339,339,134.0,2,0.25,0.6140920519828796,OK,N/A (no anomaly found on visual review),
yomikage,assets/art/runtime/yomikage/p1/roar/f2.png,roar,F2,260,340,260,340,132,344.663,-132,-344.663,0.5,262,342,342,131.5,2,0.2826086956521739,0.5713074207305908,OK,N/A (no anomaly found on visual review),
yomikage,assets/art/runtime/yomikage/p1/roar/f3.png,roar,F3,282,351,282,351,143,353.673,-143,-353.673,0.5,283,353,353,142.0,2,0.2826086956521739,0.6306086778640747,OK,N/A (no anomaly found on visual review),
yomikage,assets/art/runtime/yomikage/p1/roar/f4.png,roar,F4,259,329,259,329,131.5,331.01,-131.5,-331.01,0.5,261,331,331,131.0,2,0.25,0.5911162495613098,OK,N/A (no anomaly found on visual review),
